tweet,timestamp,user_account,label_india,label_cti
"-Fake Apps Target Beneficiaries of India's Prime Minister Kisan Yojana ğŸ’»
What do you think about this alert?

#Cybersecurity #CyberBriefing  #Ransomware #Crypto #AI #TechNews #DigitalBanking #InformationSecurity #India #Modi https://t.co/gm5bEN3i8d ",Mon Aug 19 15:30:47 +0000 2024,âœ‡ âšªğŸ›¡ CyberMaterial âœª Cyber Alerts brought to you by 911Cyber. ğŸš¨,1,0
"Click, bet, lose: How online swindlers lure, trap and exploit people in #India

https://t.co/bLyWZhK9gY

#vulnerability #2fa #RCE #ZeroTrust #ZeroDay #cybercrime #hacker #privacy #APT #bot #CISO #DDoS #hacking #phishing #CyberAttack #cybersecurity #Security #infosec #AppSec",Sun Aug 11 09:35:09 +0000 2024,ğ”¸ğ•ğ•šğ•¥ğ•’ğ•§ ğ”¹ğ•™ğ•’ğ•¥ğ•¥ğ•’ğ•”ğ•™ğ•’ğ•£ğ•›ğ•–ğ•–,1,0
"#India recording two cybercrime complaints a minute, says top govt. officer!

https://t.co/3JgqPivz1N

#vulnerability #2fa #RCE #ZeroTrust #ZeroDay #cybercrime #hacker #privacy #APT #bot #CISO #DDoS #hacking #phishing #CyberAttack #cybersecurity #Security #infosec #AppSec ",Sun Aug 11 09:20:02 +0000 2024,ğ”¸ğ•ğ•šğ•¥ğ•’ğ•§ ğ”¹ğ•™ğ•’ğ•¥ğ•¥ğ•’ğ•”ğ•™ğ•’ğ•£ğ•›ğ•–ğ•–,1,0
@0thayyab0 @CTI_Funding @LaoRennz @baigg91 @K29_BREAKER @99Auslander all done ,Tue Aug 20 14:41:47 +0000 2024,hengki wg,0,0
"@the_marketmogul @CTI_Funding @TopGTradez @easykoncepts
@pulii1090
@lokofx_official ",Tue Aug 20 14:41:46 +0000 2024,Henry,0,0
"We're hiring DFIR/CTI investigators and analysts for Accenture's customer facing incident response. 
 
Senior DFIR investigator : https://t.co/M64V1QUxoY
IR focused CTI lead: https://t.co/8nnZC8Hc7D
IR focused CTI analyst: https://t.co/Dr68wDxUsf

#dfir #hiring #cti ",Tue Aug 20 14:34:40 +0000 2024,Jeff Beley,0,0
"5,000 #cyber commandos to be ready in 5 years to safeguard #India against rising #cyberthreats. #CyberSecurity is national securityâ€”essential for the nation's growth &amp; safety. A strong, secure digital future is on the horizon.
#DigitalIndia
#DigitalDetox
#debate2024
#à¤°à¤¾à¤§à¤¾_à¤…à¤·à¥à¤Ÿà¤®à¥€ https://t.co/PqpVRTWDZp ",Wed Sep 11 05:46:29 +0000 2024,Kyra,1,0
"@BajajAllianz can you please stop your spam and IVR Calls. We have our personal and professional. We do not have much time to speak with your Bizzare IVR. Thank youğŸ™ğŸ™ğŸ™

#spamcall #ConsumerRights #india 
@BajajAllianzLIC @tapansinghel @republic @TV9Telugu ",Fri Oct 27 09:35:37 +0000 2023,Lavan,1,0
@indialends Can you stop calling me for loans ? I have enabled DND. And daily blocking 10 numbers. And Still getting call from you. #Spamcall #India #indialends ,Tue Jun 06 10:18:57 +0000 2023,Malavan Hari,1,0
"Australiaâ€™s proposal to set a minimum #socialmedia age (14-16) sparks debate worldwide. 

Should #India follow suit to protect youth from #cyber risks and promote healthier social interactions? #DigitalSafety

Read here to know more https://t.co/CegbXqgTgx",Fri Sep 13 14:53:05 +0000 2024,News Trail,0,0
"à¤«à¤°à¥à¤œà¥€ à¤•à¥‰à¤² à¤ªà¤° à¤²à¤—à¥‡à¤—à¥€ à¤²à¤—à¤¾à¤®, à¤…à¤¬ à¤¹à¤° à¤•à¥‰à¤² à¤•à¥‡ à¤¸à¤¾à¤¥ à¤ªà¤¤à¤¾ à¤šà¤²à¥‡à¤—à¤¾ à¤•à¥‰à¤²à¤° à¤•à¤¾ à¤…à¤¸à¤²à¥€ à¤¨à¤¾à¤®
 #TRAI #FakeCalls #CallerID #UnknownCall #PhoneCall #Spam #SpamCall #India  #nextindiatimes https://t.co/1LiveJ5IXX ",Sat Feb 24 13:30:52 +0000 2024,NEXTINDIATIMES-NIT,1,0
"#India and #Estonia unite in #cyber cooperation, balancing global diplomacy with cutting-edge tech innovation. A strategic partnership is being forged for a secure digital future, note @SameerP_IND &amp; Aneesh Parnerkar https://t.co/EkmSsIptVg 

#CyberSecurity #DigitalIndia ",Wed Sep 11 10:30:00 +0000 2024,ORF GeoTech,1,0
"@UnionBankTweets please catch this #scammer #fraud

#saftyalert
Never download or interact with such numbers.
@RBI
#bank #india https://t.co/sI94JJ5Sm6 ",Tue Aug 13 08:06:44 +0000 2024,Pankaj Kumar,1,0
@0thayyab0 @CTI_Funding @remixatlantis @69Euan @iamstranger007 ,Tue Aug 20 14:40:09 +0000 2024,Remedy Fx,0,0
"Monitoring #India's Mangroves: A @CIFOR_ICRAF initiative with support &amp; partnership from Forest depts &amp; research institutes. Collection of crucial field data for assessing coastal #vulnerability &amp; #resilience of #mangroves.

@elianeubalijoro @iiserkol @wii_india @mssrf @APEnvFor https://t.co/WtW21jIUsn ",Thu May 16 11:51:51 +0000 2024,Rupesh K Bhomia,1,0
"In Hacker House Goa
Le me as an Data Scientist
#Web3 #nillion #meme #hacker #hackathon  #India
#Goa #goat https://t.co/8OieuEU8EG ",Sat Aug 10 16:48:35 +0000 2024,Sandeep Akash,0,0
"The Trap: Inside the blackmail scam destroying lives across India - BBC World Service Documentaries

https://t.co/haMqU9jjUj

#Singapore #Malaysia #Indonesia #Batam #Medan #Siantar #batak #sinaga #scammer #Trap #blackmailscam #India #BBCWorldService

https://t.co/Q0cLzvoXeH ",Wed Aug 14 01:58:01 +0000 2024,scam syndicates,1,0
"Why hackers love India

The healthcare sector in particular is facing numerous attacks.

#hacking #cyberattack #India #DW https://t.co/TL22KrndM6 ",Sun Aug 25 08:10:38 +0000 2024,The Indian Express,1,0
"S3 bucket takeover generates â‚¹3000 ğŸ˜…

Anyway thanks team @com_olho for the bounty &amp; excellent support

#BugBounty #InfoSec #EthicalHacking #Cybersecurity #Comolho #SecurityResearcher #linkedin #india #noida #delhi #mumbai #pune #bug #devsecops #hacking #hackthebox https://t.co/U7I1WZJAE2 ",Fri Jul 19 20:20:31 +0000 2024,yaswanth sai,1,0
"#ROKRAT #APT37 #APT #IOC

ROKRAT

ë¶€ê°€ê°€ì¹˜ì„¸ ìˆ˜ì •ì‹ ê³  ì•ˆë‚´(ë¶€ê°€ê°€ì¹˜ì„¸ì‚¬ë¬´ì²˜ë¦¬ê·œì •).hwp.lnk
Guide to correcting value-added tax returns (Value-added tax processing regulations).hwp.lnk
0777cbcc96dd9a2d4319a4bf9404bba7

c97917b6c25f924f6dac40848d52940e [zip]

C2
sibbss[.]com https://t.co/4xfQUwuXEx ",Tue Jun 11 06:00:12 +0000 2024,Yogesh Londhe,0,0
"ê§Specialized in all recovery/disabled accounts, Web3 developer, Spy ğŸ•µï¸â€â™‚ï¸|Private Investigation, TI's, Crypto recoveryê§‚ #spam #elsed #bist100 #hisse #dizipal #astor #borsa  #zagabet #r
inabet #privacy #yrkkh #naagin #infosec #hackathon #kalilinux  #malware #TargetedIndividuals https://t.co/VnIMJ4mipt ",Tue Aug 20 14:28:22 +0000 2024,Kelvin tech pro,0,0
"ì•Œí‹°í”¼_ì—”ì§€ë‹ˆì–´ë§ë³¸ë¶€ ì‚¬ì—…ê°œë°œíšŒì˜ ìë£Œ.hwp.lnk
0aaec376904434197bae4f1a10ecfe8d4564d95fdfa8236ea960535710661c5f
#apt37 #NorthKorea", Fri Jun 28 02:56:46 +0000 2024,Emmy Byrne,0,1
"#APT #APT37 #RicochetChollima #ScarCruft #threat #malware #Konni

ğŸ“ğŸ‡°ğŸ‡µ
ğŸ’¥ğŸ‡·ğŸ‡º

â›“ï¸#Phishing &gt; #MSI &gt; file drop &gt; #VBS + #BAT execution &gt; Service (wiasvc) creation + Persistence  &gt; #C2 &gt; Upload Info

ğŸ”— 360 Advanced Threat Research analysis: https://t.co/ly8PTzYTOP https://t.co/Rhfo5Zfck8 ",Mon Jun 03 06:34:22 +0000 2024,Aaron Jornet,0,1
" @TRAI Please cancel all the numbers of #BajajFinance. They have infinite phone numbers.
Despite blocking 50+ numbers they keep calling everyday from different numbers shamelessly.

@DelhiPolice @ArvindKejriwal @GoI_MeitY

#India #SpamCall #Fraud #scammer ",Fri Jun 09 13:05:19 +0000 2023,AJ | à¦…à§°à§‚à¦ªà¦œà§à¦¯à§‹à¦¤à¦¿ à¦¶à¦‡à¦•à§€à§Ÿà¦¾ ğŸ‡®ğŸ‡³,1,1
"RecordedFuture refers to a similar actor as TAG-100 . Could be that TAG-100 and UNC4936 are exactly the same intrusion set. I have both actors under the APT5 Umbrella as ""investigate these"" but it's curious they may be the same ",Tue Aug 06 19:16:54 +0000 2024,Andre Gironda @TheDFIRReport,0,1
"Uncovering Vulnerabilities: Security Flaws Discovered on the Indian Prime Ministerâ€™s @narendramodi Website. https://t.co/QH6KenPyEq

#bugbountytips #bugbounty #cybersecurity #vulnerability #disclose #narendramodi #PMOIndia #india #bharat ",Thu Sep 07 04:53:10 +0000 2023,Biswajeet RayğŸ‡®ğŸ‡³,1,1
"RokRAT, the payload executed by the .lnk files, is a powerful tool in the hands of APT37 threat actors. #APT37, aka Red Eyes, has targeted countries like #SouthKorea and #Japan with #phishing emails containing .lnk files disguised as PDFs.

#brandefense 
https://t.co/SXIhsyBc58 https://t.co/q0Ljr6cSfs ",Thu Jun 27 12:36:34 +0000 2024,BRANDEFENSE | Digital Risk Protection Service,0,1
KnowBe4 Exposes Remote Hiring Risks in Cybersecurity https://t.co/3U72x3GuPh #Imports ,Tue Aug 20 14:42:34 +0000 2024,CTI Technology,0,1
"Cisco Talos discovered a new Vietnam-based threat actor stealing financial data from victims in multiple countries including India, China, and South Korea. @TalosSecurity @Cisco #cybersecurity #malware #india #china #korea https://t.co/EXT67sAPcl ",Sun Apr 07 14:57:41 +0000 2024,ğŸ„²ğŸ…ˆğŸ„±ğŸ„´ğŸ… ğŸ„°ğŸ…‚ğŸ„¸ğŸ„°,1,1
"ğ—«ğ—¦ğ—¦ ğ—•ğ˜†ğ—½ğ—®ğ˜€ğ˜€ ğ—£ğ—®ğ˜†ğ—¹ğ—¼ğ—®ğ—±:

javascriptâ€‹:var a=""ale"";var b=""rt"";var c=""()"";decodeURI(""&lt;button popovertarget=x&gt;Click me&lt;/button&gt;&lt;cybertix onbeforetoggleâ€‹=""+a+b+c+"" popover id=x&gt;CYBERTIX&lt; ;/cybertix&gt;"")

#bugbountytips #bug #XSS #India https://t.co/ZcHXxjc41d ",Sun Jul 14 06:44:57 +0000 2024,Cybertix,0,1
"The New Ransomware Victim of KILLSEC: https://t.co/IIWzbNPJlk

---- DailyDarkWeb ------
Group: #KILLSEC
Company: https://t.co/IIWzbNPJlk
Country: #India
Date: 2024-08-21

#DarkWeb #CyberSecurity #ransomware #victim ",Wed Aug 21 13:02:32 +0000 2024,DailyRansomware,1,1
"The New Ransomware Victim of RANSOMEXX: Brontoo Technology Solutions

---- DailyDarkWeb ------
Group: #RANSOMEXX
Company: Brontoo Technology Solutions
Country: #India
Date: 2024-08-10

#DarkWeb #CyberSecurity #ransomware #victim ",Sun Aug 11 10:02:36 +0000 2024,DailyRansomware,1,1
" âš ï¸#Ransomwareâš ï¸Allegedly, #DarkVault has named a new victim.

#DarkWebInformer #DarkWeb #Cybersecurity #Cyberattack #Cybercrime #Malware #Infosec #CTI

Country: #IndiağŸ‡®ğŸ‡³
Threat Actor: DarkVault
Company: IKF Home Finance
Industry: Credit Cards &amp; Transaction Processing
Revenue: https://t.co/3VFKyxKnb8 ",Sat May 04 15:11:48 +0000 2024,Dark Web Informer,1,1
" #India ğŸ‡®ğŸ‡³ - Threat Actor Claims Ransomware Attack on Glaze Trading India, Allegedly Stealing 12TB of Data

https://t.co/kFhdq4tR6M

#DarkWeb #databreach #ransomware #cyberattack https://t.co/CYg0UHBDJK ",Mon Aug 19 13:07:55 +0000 2024,Dark Web Intelligence,1,1
"7887cea2962c954ccb60d005da03abcf68962517d1b3e3d2a472f5d952a03f8e
Decoy : ì†Œëª…ìë£Œ ëª©ë¡.hwp
*autoit3 
hxxps://executivedaytona[.]com/wp-admin/js/widgets/hurryup/?rv=bear&amp;za=battle0
*NFHTmCb.au3
~battle1
#Apt37 #NorthKorea #lilithRat https://t.co/LJcUxSlrNu ",Sat Jul 06 07:23:32 +0000 2024,Emmy Byrne,0,1
"someone has the hashes of the autoit3 scripts executed with AutoIt3.exe by this two .lnk files?

- 3c81dc763a4f003ba6e33cd5b63068cd: https://t.co/l3B8GMydWa
- 4f865db4192afb5bbcdeb2e899ca97a4: https://t.co/OgJpP356ap

#APT37 #KONNI ",Thu Jun 13 17:50:45 +0000 2024,explorer.exe,0,1
"can we try to define precisely what is Kimsuky from an analysis standpoint? I've seen many overlaps with APT37, from the objective of an attack to it's tradecraft.

#APT37 #Kimsuky ",Mon Jul 01 16:27:29 +0000 2024,explorer.exe,0,1
"@unpacker @suyog41 The victimology of this particular campaing suggests a possible overlap with APT37, since it's finalized to attack media sector or North Korea human rights activism",Fri Jul 05 12:08:21 +0000 2024,explorer.exe,0,1
"ğŸš¨Alert ğŸš¨

Systemadminbd Official claims to have defaced the website of Zee Media Corporation Limited.

#India
#Defacement #cyberattack #cti #threatintel https://t.co/SP4VS479CU ",Wed Aug 21 17:38:26 +0000 2024,FalconFeeds.io ,1,1
"ğŸš¨ DDoS Alert ğŸš¨

RipperSec claims to have targeted indian website.

- Tata Group
- Digital India

#India
#ddos #cyberattack #cti #threatintel https://t.co/07wR7aE4wM ",Wed Aug 14 17:48:12 +0000 2024,FalconFeeds.io ,1,1
"ğŸš¨ Alert : Moroccan Dragons claims to target India ğŸš¨ 
 
A recent post by the group indicates that they are targeting India.

#India
#cyberattack #infosec #threatintel https://t.co/E68ETpNCP9 ",Thu Aug 22 18:25:52 +0000 2024,FalconFeeds.io ,1,1
"FalconFeeds.io Threat actor USDoD claims to have breached data belonging to 300,000 university students of India. The data consist of multiple PII information including Name, Contact,Address etc.


#Cyberattack #Threatintel #India https://t.co/MgITuHeglj ",Sun May 05 04:16:16 +0000 2024,FalconFeeds.io ,1,1
"ğŸš¨ DDoS Alert ğŸš¨

RipperSec claims to have targeted the website of Union Bank of India.

NB: site is down at the moment

#India
#ddos #cyberattack #cti #threatintel https://t.co/kk1hHWOudx ",Sun Aug 18 11:52:58 +0000 2024,FalconFeeds.io ,1,1
ğŸš¨ Alert : UserSec claims to target France ğŸš¨ A recent post by the group indicates that they are targeting France. #France #cyberattack #infosec #threatintel https://t.co/iy2AoENcD6 ,Sun Aug 25 09:56:03 +0000 2024,FalconFeeds.io ,0,1
Indian Govt Issues Warning For Android User #android #vulnerability #security #india https://t.co/cwifdXRC8O ,Thu Oct 12 13:42:35 +0000 2023,Geek Gokul,1,1
#Kimsuky #Lazarus #APT37 #Konni #APT We want to share a tool to analyze malware from an APT group associated with the DPRK https://t.co/doBwVy7Bud,Wed May 22 05:08:27 +0000 2024,hithere,0,1
"#Konni #APT37 #DPRK #APT Related domain has been scanned to VT: 

hydroforcepumps[.]co[.]uk ",Tue Jul 02 09:53:50 +0000 2024,Hunter For Fun,0,1
"Hacker group Transparent Tribeâ€¯uses legitimate platformsâ€¯to launch cyberattacks against India's defence, aerospace, and government sectors.

#TransparentTribe #India #Cyberattack #APT36 #Malware

https://t.co/vDVupMttfG https://t.co/6chWnfdyGG ",Tue May 28 13:02:04 +0000 2024,iZOOlogic,1,1
"The notorious Transparent Tribe threat group threatens to attack the Indian education sector by launching the Crimson RAT.

#TransparentTribe #APT36 #CyberThreat #India #Academic #ThreatGroup #CrimsonRAT #Malware https://t.co/QKA8BTIaMT ",Sat Apr 22 15:00:52 +0000 2023,iZOOlogic,1,1
How a faulty CrowdStrike update crashed computers around the world. @ABCNews #Tech #Technology #Computers #ComputerRepair #IT #InformationTechnology #Meridian #Virus #ComputerVirus #Malware https://t.co/jwex8couxR ,Tue Aug 20 14:09:29 +0000 2024,Jacob Van Vliet,0,1
"Mentioned  #APT37 #Konni Samples

â‡ï¸https://t.co/nK3p1QMhxk
ğŸ”½ https://t.co/Dxo5iEG6hM ",Wed Jun 05 11:02:28 +0000 2024,JAMESWT,0,1
"#APT #APT37

2222f1d7ccd05655f0492769bc54ec016679d59da258affa9b8686021fada59d
Decoy : ì¸ë¬¸ì‚¬íšŒë¶„ì•¼ ë°•ì‚¬ê³¼ì •ìƒ ì—°êµ¬ì¥ë ¤ê¸ˆì§€ì› ì‹ ì²­ìê²© ìš”ê±´ í™•ì¸ì„œ.hwp
hxxp://host[.]sharingdocument[.]one/dashboard/explore/starred?hwpview=2L50DTWU0J3FBRUS1K4GCSVT! https://t.co/j9HwxWEtR2 ",Fri May 24 10:02:50 +0000 2024,JangPro,0,1
"#Hyderabad 080 3505 9444 #spamcall number please be aware.
Check #Truecaller on this number.
#CyberSecurityAwareness #CyberMonday #SPAM #CALLS
#India ",Wed Nov 01 13:27:48 +0000 2023,Kartha Veera Arjuna,1,1
"Cybercriminals Exploit Popular Software Searches to Spread #FakeBat #Malware
https://t.co/uDbtbyJ5lc

Researchers uncover surge in infections stemming from #malvertising campaigns.
#CyberSecurity #InfoSec #CyberCrime #EugenLoader #PaykLoader #Eugenfest #NUMOZYLOD #UNC4536 #MaaS ",Tue Aug 20 13:46:58 +0000 2024,LaneSystems Ltd,0,1
"""ç½‘ç»œå®‰å…¨å¨èƒ2024å¹´ä¸­æŠ¥å‘Š"" published by @RedDrip7. #Trend, #APT37, #Konni, #Kimsuky, #Lazarus, #DPRK, #CTI https://t.co/d90g8oXQDD ",Mon Aug 19 12:30:12 +0000 2024,lazarusholic,0,1
" [https://t.co/otlIKKsosi]ğŸŒ€ Our proactive hunter detected malicious domains immittaing #India postal services

gov-indiapost-in[.]top
indiapost-a[.]top
indiapost-al[.]top
indiapost-c[.]top
indiapost-go[.]top
indiapost-goa[.]icu
indiapost-gob[.]xyz

#threatintel
#dfir ",Sat Aug 10 18:14:12 +0000 2024,Malwar3Ninja | Threatview.io ğŸ’»,1,1
"This is a #scammer and #fraud from #India whom @PMOIndia needs to act against ASAP. And, hopefully this will be in the news when these thieving dirtbags are taken down. Tagging @narendramodi personally as well. https://t.co/riRJ4vuYFu ",Wed Aug 07 15:34:45 +0000 2024,Mehul Kamdar,1,1
"CERT-In Vulnerability Note CIVN-2023-0360
Multiple Vulnerabilities in Samsung Products
Original Issue Date: December 13, 2023
Severity Rating: HIGH
Software Affected Samsung Mobile Android versions 11, 12, 13, 14

#India #certin #Samsung #Vulnerability #Android #SamsungMobile https://t.co/8jbL4sr82e ",Fri Dec 15 18:22:19 +0000 2023,Parthapratim Dash,1,1
"A new type of malware called UULoader is being used by threat actors to deliver next-stage payloads like Gh0st RAT and Mimikatz.
#CybersecurityNews #cybersecuritytips #CyberSecurity #malware #hacking https://t.co/NId5VvMifr ",Tue Aug 20 13:36:17 +0000 2024,PH HACKER ğŸ› ï¸,0,1
"Open Vault: CryptoJacked!

EternalMiner - Box design for crypto mining malware.

https://t.co/3un98zElRZ

#cyberwarfare #cryptojacking #retail #openvault #installationdesign #malware #phillipstearns https://t.co/4LIJtYYnLL ",Tue Aug 20 14:00:05 +0000 2024,Phillip D Stearns,0,1
"ğŸš¨77 Victims listed by #LockBit yesterday. Out of which, 9 are fromğŸ‡®ğŸ‡³:-

HETERO
VIKRANT SPRINGS
DOUBLE HORSE
IIT MADRAS
TEGA INDUSTRIES
DEPENNING
LIVIA
VSTAR
VINATI ORGANICS

#indiacert #ransomware #infosec  #hack #malware  #security  #cybersecurity #cyber #OSINT #darkweb #india https://t.co/iTuYhkMK4l ",Fri May 10 05:26:07 +0000 2024,RAKESH KRISHNAN,1,1
"Hackers Hit Indian Defense, Energy Sectors with Malware Posing as Air Force Invite
#India #usa #news #update #cybersecurity #malware #indianews https://t.co/5liOwuITVV ",Fri Mar 29 05:03:58 +0000 2024,RiskHorizon,1,1
"SecAI's deep report about the infamous #ROKRAT, a North Korean state-sponsored #hacker group, also known as #APT37 or #ScarCruft, targeting South Korea and other regions.

Try it out: https://t.co/wvFS9O1qfs

#CyberSecurity #APT #IOC https://t.co/Bhn4JKuC5U ",Fri Jun 21 02:23:12 +0000 2024,SecAI,0,1
"Indian Computer Emergency Response Team (CERT-In) warns indian Samsung Galaxy Mobile users. Multiple vulnerabilities have been reported in Indian Samsung smartphones running on Android 11, 12, 13 &amp; 14.
#Samsung #vulnerability #technews #tech4bliss #India #smartphone #Hacking https://t.co/Et1sI1sw5S ",Thu Dec 14 17:44:27 +0000 2023,Tech4Bliss,1,1
"The Indian Computer Emergency Response Team, or CERT-IN, has flagged multiple vulnerabilities in Apple software products and given them a severity rating of â€˜Highâ€™.

To know more read on below ğŸ‘‡

#certin #Apple #security #vulnerability #india

https://t.co/EQp3TJXMOE ",Mon Aug 05 16:58:19 +0000 2024,The Smart Innovator,1,1
"New claim on the shame-site for #ransomware / #datatheft group #KillSecurity.

Organization: Level Fit Tech Pvt. Ltd.
Location: #India
Industry: #WellnessAndFitnessServices
Staff: 11-50 employees
Learn more at https://t.co/nVcU8y8Rj3 ",Thu Aug 22 14:35:09 +0000 2024,Threat and Risk Intelligence Services - eCrime.ch,1,1
"New claim on the shame-site for #ransomware / #datatheft group #Defray777.

Organization: Brontoo Technology Solutions India Pvt. Ltd.
Location: #India
Industry: #SoftwareDevelopment
Learn more at https://t.co/nVcU8y8Rj3 ",Sat Aug 10 14:30:07 +0000 2024,Threat and Risk Intelligence Services - eCrime.ch,1,1
"The #malware was delivered via a GoogleDrive URL leading to a ZIP archive named â€œPodcast Plan-2024[.]zipâ€.

The ZIP contained an LNK titled â€œPodcast Plan 2024.lnkâ€.

The LNK delivered the BlackSmith toolset which eventually loaded TA453â€™s AnvilEcho Powershell Trojan. ",Tue Aug 20 14:31:02 +0000 2024,Threat Insight,0,1
"#ScamAlert  #SCAM  #cybercrime
ANYONE WHO GETS MESSAGE LIKE SBI YONO ADHAAR.apk as file
. Please do not click and donâ€™t install these apps #fake
#YONO #SBI  @TelanganaDGP  sir please arrest these bastards @CYBTRAFFIC @TheOfficialSBI #scammer #india @AshwiniVaishnaw https://t.co/oTX3aLk94t ",Sat Aug 10 05:43:40 +0000 2024,vyas laxminarayana(lakhan vyas),1,1
"Explore the #APT36 updated arsenal. Learn about a previously undocumented Windows RAT, new Linux attack vectors, and distribution methods targeting government sectors in #India ğŸ‡®ğŸ‡³. Read our full report here: https://t.co/0F00XXPr9A

#CybersecurityNews https://t.co/0bpDJwBSzN ",Tue Sep 12 20:27:14 +0000 2023,Zscaler ThreatLabz,1,1
" javascript:var a=""ale"";var b=""rt"";var c=""()"";decodeURI(""&lt;button popovertarget=x&gt;Click me&lt;/button&gt;&lt;cybertix onbeforetoggle=""+a+b+c+"" popover id=x&gt;CYBERTIX&lt;/cybertix&gt;"")

#bugbountytips #bug #XSS #India ",Mon Jul 15 11:31:12 +0000 2024,Ó‰Ñ¦Ğ¡Ò Ñ–Ğ˜ÔŒ Ò¬Ğ„Ñ¦Ó,0,1
"ğŸš¨ Newly discovered Styx Stealer Infostealer is targeting passwords, cookies, and autofill data in Chromium &amp; Gecko-based browsers, plus crypto wallets, Telegram, and Discord sessions. Exploits CVE-2023-36025 in Windows Defender SmartScreen.

#infostealer #malware https://t.co/EWzWns4zJI ",Tue Aug 20 14:38:59 +0000 2024,Foresiet Threat Intelligence Feed,0,1
" La evoluciÃ³n del malware en los Ãºltimos 20 aÃ±os:https://t.co/aIpY2kovIZ
#cstictv #malware https://t.co/cx4umY5Ahh ",Tue Aug 20 14:33:22 +0000 2024,CS TIC TV,0,1
 CreateStudio 3 Premium v3.4.1 Full Activated â€“ Video Animation Maker â€“ Discount 100% OFF https://t.co/Fx9EgMmSRd #infosec #bugcrowd #bugbountytips #bugbountytip #CyberSecurity #100DaysOfCode #Malware #CodeNewbie #BugHunter #Javascript via @3XS0 ,Tue Aug 20 14:32:32 +0000 2024,Goddess Aunty,0,1
"#vidar #malware
3 VT detections
https://t.co/DOcjV2buOJ ",Tue Aug 20 13:49:58 +0000 2024,Neiki,0,1
"UKRAINIAN INTELLIGENCE HACKS RUSSIAN DEFENSE INFORMATION, MOSCOW ATTACKS SUMY. #UkrainianIntelligence #RussianDefense #CyberAttack #Sumy #RussiaUkraineConflict #MilitaryNews https://t.co/EXXSB4OcP5 ",Sun Aug 25 10:26:16 +0000 2024,The daily news wire,0,1
"ğŸš¨ Big bust by ED! ğŸš¨ Alleged cyber fraud syndicate posing as CBI/Customs officers defrauded crores. Key arrests: Tamilarasan Kuppan, Prakash, Aravindan, and Ajith from Tamil Nadu. ED suspects Chinese nationalsâ€™ involvement. #CyberCrime #Fraud #ED #India https://t.co/qcBakv6Vob ",Sat Sep 14 08:18:42 +0000 2024,@shreedhar,1,1
"Average cost of data breaches in #India hits $2.18 million: #RBI report!

https://t.co/KOQLIC1tiB

#vulnerability #2fa #RCE #ZeroTrust #ZeroDay #cybercrime #hacker #privacy #APT #bot #CISO #DDoS #hacking #phishing #CyberAttack #cybersecurity #Security #infosec #AppSec #CyberSec ",Tue Jul 30 01:55:46 +0000 2024,ğ”¸ğ•ğ•šğ•¥ğ•’ğ•§ ğ”¹ğ•™ğ•’ğ•¥ğ•¥ğ•’ğ•”ğ•™ğ•’ğ•£ğ•›ğ•–ğ•–,1,1
"How Telegram became India's 'dark web lite'

https://t.co/8BfzIn104d

#India #Telegram #DarkWeb #darknet #security #vulnerability #2fa #RCE #ZeroTrust #ZeroDay #cybercrime #hacker #privacy #APT #bot #CISO #DDoS #hacking #phishing #CyberAttack #cybersecurity #Security #infosec ",Tue Aug 27 01:20:35 +0000 2024,ğ”¸ğ•ğ•šğ•¥ğ•’ğ•§ ğ”¹ğ•™ğ•’ğ•¥ğ•¥ğ•’ğ•”ğ•™ğ•’ğ•£ğ•›ğ•–ğ•–,1,1
"#Apple issues two fresh Pegasus-like spyware alerts in India

https://t.co/dKv35Q721h

#Pegasus #India #spyware #espionage #tech #vulnerability #2fa #RCE #ZeroTrust #ZeroDay #cybercrime #hacker #privacy #APT #bot #CISO #DDoS #hacking #phishing #CyberAttack #cybersecurity ",Thu Jul 11 01:55:06 +0000 2024,ğ”¸ğ•ğ•šğ•¥ğ•’ğ•§ ğ”¹ğ•™ğ•’ğ•¥ğ•¥ğ•’ğ•”ğ•™ğ•’ğ•£ğ•›ğ•–ğ•–,1,1
"Average cost of data breaches in #India hits $2.18 million: #RBI report!

https://t.co/KOQLIC1tiB

#vulnerability #2fa #RCE #ZeroTrust #ZeroDay #cybercrime #hacker #privacy #APT #bot #CISO #DDoS #hacking #phishing #CyberAttack #cybersecurity #Security #infosec #AppSec #CyberSec ",Tue Jul 30 01:55:46 +0000 2024,ğ”¸ğ•ğ•šğ•¥ğ•’ğ•§ ğ”¹ğ•™ğ•’ğ•¥ğ•¥ğ•’ğ•”ğ•™ğ•’ğ•£ğ•›ğ•–ğ•– ,1,1
"Hey @GoibiboSupport @goibibo What's happening with your booking system, Skyscanner referral page is not rendering and the same is happening via the App and the website. @goibibo_tech. I believe I deserve some recognition for pointing out this gaping hole!!

#bug #goibibo #India https://t.co/880oRAETd6 ",Mon Apr 22 00:39:20 +0000 2024,Athul,1,0
Hacker Transfers $6.5 Million in Stolen WazirX Funds to US-Sanctioned Tornado Cash https://t.co/UjIs8rc7qw #Cryptocurrency #AANews #CryptoNews #Hacking #India ,Wed Sep 04 08:20:08 +0000 2024,Crypto Mak,1,1
"Contact center platform Exotel confirmed it was hit by a data breach at its cloud infrastructure in Singapore. Zomato, Khatabook, and others may have bee
n affected.

@entrackr @upadhyay_harsh1 @zomato @Khatabook

#cybersecurity #cyberattack #databreach #india https://t.co/2uJHDOFSnA ",Tue Aug 27 10:32:32 +0000 2024,ğŸ„²ğŸ…ˆğŸ„±ğŸ„´ğŸ… ğŸ„°ğŸ…‚ğŸ„¸ğŸ„°,1,1
"ğŸ„²ğŸ…ˆğŸ„±ğŸ„´ğŸ… ğŸ„°ğŸ…‚ğŸ„¸ğŸ„° Chinese hackers exploited a zero-day vulnerability in Versa Networks' software and compromised multiple internet companies, according to researchers at L
umen.

@straits_times @lumentechco @BlackLotusLabs @versanetworks @CISAgov

#cybersecurity #cyberattack #infosec #china #india https://t.co/0rXDlxgb9V ",Wed Aug 28 10:10:53 +0000 2024,ğŸ„²ğŸ…ˆğŸ„±ğŸ„´ğŸ… ğŸ„°ğŸ…‚ğŸ„¸ğŸ„°,0,1
"Nearly 300 small Indian banks hit by a ransomware attack are back online after a temporary shutdown. The shutdown affected about 20% of the countryâ€™s cooperative and rural banks. ğŸ¦ğŸ”’ğŸ’»
#Ransomware #Banking #India

https://t.co/OE5YJCttn2 ",Fri Aug 02 13:30:01 +0000 2024,Cyber News Live,1,1
"ğŸš¨ A threat actor on a #Darkweb forum has allegedly hacked the Indian government website https://t.co/kZzzjvbhRr, the official portal for notary services under the Legal Affairs Department of the Ministry of Law and Justice.

#Databreach #India #CTI https://t.co/ZllVVd50IM ",Wed Aug 28 06:34:07 +0000 2024,cyberundergroundfeed,1,1
"ğŸš¨ A threat actor on a #Darkweb forum allegedly selling data from the ""Ministry of Law &amp; Justice"" ğŸ‡®ğŸ‡³

ğŸ“… Leak Date: 2024
ğŸ“Š Lines: 5,122
ğŸ“‚ Type: CSV
ğŸŒ Website: [https://t.co/kZzzjvbPGZ]

#India #Databreach #CTI https://t.co/6jjzbaHzc6 ",Fri Aug 30 20:50:39 +0000 2024,cyberundergroundfeed,1,1
" #Israel ğŸ‡®ğŸ‡± - Alleged Cyber Attack on Countries Supporting Israel

The post names the #US, #Argentina, #Canada, #France, #India, Israel, #SouthAfrica, #Italy, #Spain, and the #UAE.

https://t.co/QHosog3exI

#cyberattack #telegram #darkweb https://t.co/f2ztsC2kiG ",Thu Sep 05 15:01:00 +0000 2024,Dark Web Intelligence,1,1
"#India ğŸ‡®ğŸ‡³ - Threat Actor Claims Ransomware Attack on Glaze Trading India, Allegedly Stealing 12TB of Data

https://t.co/kFhdq4tR6M

#DarkWeb #databreach #ransomware #cyberattack https://t.co/CYg0UHBDJK ",Mon Aug 19 13:07:55 +0000 2024,Dark Web Intelligence,1,1
" #India ğŸ‡®ğŸ‡³ - Dark Spot team has announced its union with other hacker groups, including Dark Echo, Major Exploit, Byte Force, Moroccan Dragons.

The group cites the union's purpose as attacking India.

#DarkWeb #cyberattack https://t.co/4SL0wjw1HZ ",Fri Sep 06 22:00:00 +0000 2024,Dark Web Intelligence,1,1
"ë¶€ê°€ê°€ì¹˜ì„¸ ìˆ˜ì •ì‹ ê³  ì•ˆë‚´
#APT37 #konni https://t.co/OVGln8QDYv ",Thu May 23 08:07:54 +0000 2024,Emmy Byrne,0,0
"ğŸš¨Alert ğŸš¨

Systemadminbd Official claims to have defaced the website of Zee Media Corporation Limited.

#India
#Defacement #cyberattack #cti #threatintel https://t.co/SP4VS479CU ",Wed Aug 21 17:38:26 +0000 2024,FalconFeeds.io,1,1
"ğŸš¨ DDoS Alert ğŸš¨

Bangladesh dark net claims to have targeted the website of Tata Motors.

NB: site is down at the moment

#India
#ddos #cyberattack #cti #threatintel https://t.co/60Dkn6OBme ",Tue Aug 27 11:10:35 +0000 2024,FalconFeeds.io,1,1
"ğŸš¨ Alert : NIXON CYBER TEAM claims to target India ğŸš¨ 
 
A recent post by the group indicates that they are targeting India.

#India
#cyberattack #infosec #threatintel https://t.co/w9NIRqM6S8",Thu Sep 05 22:41:41 +0000 2024,FalconFeeds.io,1,1
"ğŸš¨ Alert: RipperSec Issues Warning to India ğŸš¨

The hacktivist group RipperSec has announced plans to target India.

#India
#cti #threatintel #infosec #Cyberattack https://t.co/VSnfVzgL1b",Thu Sep 05 03:08:50 +0000 2024,FalconFeeds.io,1,1
"FalconFeeds.io ğŸš¨ DDoS Alert ğŸš¨

RipperSec claims to have targeted the website of Karnataka Bank

NB: site is down at the moment

#India
#ddos #CyberAttack #threatintel #CTI https://t.co/NrDa9n84tk ",Thu Aug 29 03:22:30 +0000 2024,FalconFeeds.io,1,1
"ğŸš¨ DDoS Alert ğŸš¨

CYB3R ST0RM claims to have targeted the website of Government of National Capital Territory of Delhi.

NB: site is up and active

#India
#ddos #CyberAttack #threatintel #cti https://t.co/ZdajnuI59W ",Sun Sep 01 11:28:44 +0000 2024,FalconFeeds.io,1,1
"ğŸš¨ Data Breach Alert ğŸš¨

A member of BreachForums has posted about a significant data breach involving Indian Academy of Pediatrics. The leak, reportedly containing 38,000 members data, which includes Name, Phone Number, Email, Job title, etc.

#India 
#Cyberattack #Databreach https://t.co/l2XSNZwcOI ",Sat Sep 07 18:42:31 +0000 2024,FalconFeeds.io,1,1
"ğŸš¨ DDoS Alert ğŸš¨

SERVER KILLERS claims to have targeted the website of Bank of India.

NB: site is up and active

#India
#ddos #cyberattack #cti #threatintel https://t.co/EWZwoBUI65 ",Sat Aug 24 19:00:10 +0000 2024,FalconFeeds.io,1,1
"ğŸš¨ DDoS Alert ğŸš¨

Al Ahad claims to have targeted the website of Central Bureau of Investigation (CBI).

#India 
#ddos #CyberAttack #threatintel #cti https://t.co/KXaHv4YpgZ ",Mon Sep 09 10:02:43 +0000 2024,FalconFeeds.io,1,1
"ğŸš¨ DDoS Alert  ğŸš¨

Kerala Cyber Xtractors claims to have targeted the website of Netaji Subhas Chandra Bose International Airport.

 NB: site is up and active

#India
#ddos #cyberattack #cti #threatintel https://t.co/69sakMIoiq ",Mon Aug 19 23:56:07 +0000 2024,FalconFeeds.io,1,1
" ğŸš¨ Alert: Anonymous Guys Issues Warning to India ğŸš¨

The hacktivist group Anonymous Guys has issued a warning to the Indian government, threatening to launch cyberattacks on Indian educational institutions, infrastructure, and other.

#india
#cti #threatintel #infosec https://t.co/0TXkJGikrA ",Sat Aug 31 11:42:12 +0000 2024,FalconFeeds.io,1,1
"ğŸš¨ DDoS Alert ğŸš¨

RipperSec claims to have targeted the website of Reserve Bank of India.

NB: site is down at the moment

#India
#ddos #cyberattack #cti #threatinte https://t.co/QAIOVKJkcZ ",Sat Aug 10 09:02:53 +0000 2024,FalconFeeds.io,1,1
"Â¡Alerta de ciberseguridad! UULoader, un instalador malicioso, estÃ¡ distribuyendo Gh0st RAT y Mimikatz en Asia Oriental. Descubre cÃ³mo se evade la detecciÃ³n y las implicaciones para la seguridad global. ğŸ”ğŸ’» #Ciberseguridad #Malware

Lee mÃ¡s: https://t.co/3icSAez43K https://t.co/RdIzyk5lva ",Tue Aug 20 14:15:56 +0000 2024,Fantasma digital ğŸš¨,0,1
"#India launches online 'suspect registry', 1.4 mn listed for financial #fraud

https://t.co/ITQzK8kw2T

#scammers #scamming #ScamAlert #vulnerability #2fa #RCE #ZeroTrust #ZeroDay #cybercrime #hacker #privacy #APT #bot #CISO #DDoS #hacking #phishing #CyberAttack #cybersecurity",ğ”¸ğ•ğ•šğ•¥ğ•’ğ•§ ğ”¹ğ•™ğ•’ğ•¥ğ•¥ğ•’ğ•”ğ•™ğ•’ğ•£ğ•›ğ•–ğ•–,Fri Sep 13 01:36:16 +0000 2024,1,1
" #BREAKINGNEWS : According to reports, the #hacker group known as ""#MuddyWater"" used a new private malware program to target #Azerbaijan, #Portugal, #Turkey, #SaudiArabia and #India.

ğŸ”— https://t.co/VG38PwlMIW https://t.co/i4DLUVD9MH ",Thu Jul 18 09:46:37 +0000 2024,GunAzTV International,1,1
" @mehulshahca Fake claim h

they may be actually planning to run away with the investor #money
they will simply give #Hacker their cut &amp; enjoy their life

#India m to 1 dept ki audit thik se nhi ho pati
kon si police #SouthKorea jaegi Mon Jul 22 16:58:04 +0000 2024
#WazirXvictim #Reducecryptotax Dear Hacker
My lifetime savings invested in crypto now I don't option to survive please return our funds ğŸ™
@WazirXCares @pushpendrakum
@simplykashif  @NischalShetty
@WazirXIndia @Crypto_Jargon @bitinning @earnwithrk @earnwithsapna
#Coindcx #Crypto #India
 #WazirX #hacker ",Thu Jul 18 11:23:00 +0000 2024,HiccupPupğŸ¦,0,0
How Telegram became India's 'dark web lite'  https://t.co/gAoTSFSdaQâ€¦ #India #Telegram #DarkWeb #darknet #security #vulnerability #2fa #RCE #ZeroTrust #ZeroDay #cybercrime #hacker #privacy #APT #bot #CISO #DDoS #hacking #phishing #CyberAttack #cybersecurity #Security #infosec ,Tue Aug 27 07:31:52 +0000 2024,India Cyber Security News,1,1
KillSec has announced 3 new victims on its blog site.  #USA ğŸ‡ºğŸ‡¸ - School Rush! #Kenya ğŸ“· - Instadriver #India ğŸ“·#DarkWeb #cyberattack ,Mon Aug 26 0 04:53:21 +0000 2024,India Cyber Security News,1,1
"ğŸ‘‰ The Economic Times covers #cyberattack trends in #India in Q2 2024 based on our latest ""State of AppSec Report.""

ğŸ“ Explore the findings on the surge of #DDoS, #Bot and #API attacks.

(Link in treads)

#securitynews #securitytrends #cybertrends #cybersecurity https://t.co/X84SvXuUMQ ",Tue Sep 03 04:43:48 +0000 2024,Indusface,1,1
"Chinese hackers breach #US, #India internet firms, Lumen says

#VersaNetworks
#BlackLotusLabs @LumenTechCo

#China #VoltTyphoon #Hacking
https://t.co/wVgbT3NWOv
Via https://t.co/tiBqQxdx4s https://t.co/dCxrWgDiz5 ",Wed Aug 28 04:48:43 +0000 2024,Infoblaze INDIA,1,1
"/ç¨²è‘‰è²´çµµ/ãƒ—ãƒ­ã‚³ãƒ¼ãƒ, CPCCÂ®ï¼ˆCTIèªå®šã‚³ãƒ¼ãƒï¼‰ æœã‚†ã£ãã‚Šèµ·ãã¦å·ã¸è¡Œãã€ãŠãŸã¾ã˜ã‚ƒãã—ã¨ã‚«ã‚¨ãƒ«æ¢ã—ã€‚æ¸©æ³‰ã‹ã‚‰é’ç©ºã‚’çœºã‚ã‚‹â™¨ï¸å®¶ã«å¸°ã£ã¦ã˜ã„ã¡ã‚ƒã‚“ãŒè‚²ã¦ãŸè‘¡è„ã‚’ã¤ã¾ã¿ãªãŒã‚‰ã¿ã‚“ãªã§å°†æ£‹â˜ºï¸å­ä¾›é”ãŒã©ã‚“ã©ã‚“
ä¸Šæ‰‹ããªã£ã¦ã„ãğŸ‘€âœ¨

ã‚ã¨ã‚‚ã†å°‘ã—ã€ã˜ã„ã¡ã‚ƒã‚“ã°ã‚ã¡ã‚ƒã‚“ã¨ä¸€ç·’ã«é•·é‡ã‚’æº€å–«ã—ã¾ã™ğŸŒ»ã€€#ä¿¡å· #å¸°çœ https://t.co/u4Cv6k5s91 ",Tue Aug 20 14:35:35 +0000 2024,Kie,0,0
"India Jumps to Tier 1 in Global Cybersecurity Index 2024 Amid Rising Threats of Ransomware Attacks and Cyber Breaches
https://t.co/xqFQfGT5Re
#Cybersecurity #CyberThreats #Cyber #Ransomware #CyberBreaches #DataBreaches #India #GCI2024 #GlobalCybersecurityIndex ",Fri Sep 13 05:43:15 +0000 2024,LatestLY,1,1
"#Cyber/#Online Frauds on the Rise,
so is Road Rage cases in #India.

Pls Save these Help line Numbers :
â–  Cyber/Online /Banking Frauds: 1930â– 
â–  Accident, Road Rage &amp; all other Emergency : 112 â– 

#Bengaluru ppl beware on @WhatsApp msgs appearing to be from #BESCOM #BWSSB #BBMP",Fri Aug 23 03:00:20 +0000 2024,Mahesh.BR,1,0
ValleyRAT Multietapa Apunta a Usuarios Chinos con TÃ¡cticas Avanzadas - https://t.co/9oGKsoJYEX #NewsBenderDaily #Malware,Tue Aug 20 14:10:21 +0000 2024,News Bender Daily,0,1
Hackers aprovechan vulnerabilidad de PHP para desplegar puerta trasera sigilosa Msupedge - https://t.co/8wQ8PV1hgy #NewsBenderDaily #Malware ,Tue Aug 20 13:25:20 +0000 2024,News Bender Daily,0,1
"@instagram Is @instagram @Meta #India reading &amp; following the issue faced in different parts of world. #bug #instagramdown #Crash Fri Jul 12 02:44:27 +0000 2024 
Nimit SavantğŸ¥‘ This is irritating why don't people talk about this? I always want to tag a location but can't find any Indian location to tag. This only happen for the places in India. ğŸ‘€

#x #bug #India https://t.co/wwmDLnw2VY ",Sat Jun 29 21:21:40 +0000 2024,Nirmal Shah,1,0
"à¤‡à¤‚à¤¡à¤¿à¤¯à¤¨ à¤¸à¤¾à¤¯à¤¬à¤° à¤•à¥à¤°à¤¾à¤‡à¤® à¤•à¥‹-à¤‘à¤°à¥à¤¡à¤¿à¤¨à¥‡à¤¶à¤¨ à¤¸à¥‡à¤‚à¤Ÿà¤° (I4C) à¤¨à¥à¤¸à¤¾à¤°, à¤¦à¤•à¥à¤·à¤¿à¤£à¤ªà¥‚à¤°à¥à¤µ à¤†à¤¶à¤¿à¤¯à¤¾à¤®à¤§à¥‚à¤¨ à¤•à¤¾à¤°à¥à¤¯à¤°à¤¤ à¤¸à¤¾à¤¯à¤¬à¤° à¤˜à¥‹à¤Ÿà¤¾à¤³à¥à¤¯à¤¾à¤‚à¤®à¥à¤³à¥‡ à¤œà¤¾à¤¨à¥‡à¤µà¤¾à¤°à¥€ à¤¤à¥‡ à¤à¤ªà¥à¤°à¤¿à¤² 2024 à¤¦à¤°à¤®à¥à¤¯à¤¾à¤¨ à¤­à¤¾à¤°à¤¤à¤¾à¤šà¥‡ à¤®à¥‹à¤ à¥‡ à¤†à¤°à¥à¤¥à¤¿à¤• à¤¨à¥à¤•à¤¸à¤¾à¤¨ à¤à¤¾à¤²à¥‡                        .âœï¸@Sreeparna_b17

https://t.co/a2thsG2cOK

#CyberSecurity #CyberAttack #India https://t.co/adZbZQ0rrk ",Sun Aug 25 10:00:00 +0000 2024,ORF Marathi,1,1
I am getting frequent spam calls saying that Telephone department my number is going to get blocked in 30 minutes to STOP FROM blocking they are demanding money @TRAI @cyberabadpolice @Cyberdost @JM_Scindia @narendramodi @PMOIndia #spamcall #moneyspam #cybercrime #india #modi https://t.co/YmjzLHBFsQ ,Fri Sep 13 09:51:18 +0000 2024,Rahul Reddy,1,1
"ğŸš¨ Acknowledged by Indian Government - NCIIPC ğŸ‡®ğŸ‡³ ğŸ˜
Found Critical Election Data and People's Voter ID leakage on one of the Indian Government site.

It was dup, but still happy to secure India.

#government #hacking #pentesting #india #leakage #data #voterid #nciipc https://t.co/FPP5cwWJrR ",Tue Sep 10 03:21:36 +0000 2024,Sanghvi Manan,1,1
"Check out my latest article: The AI Integration in the New Indian Criminal Laws (BNS, BNSS, &amp; BSA) - K. Jaishankar https://t.co/R4T1o4HcYc via @LinkedIn @BritSocCrim #law #ai #ArtificialIntelligence #crime #victim #india #socilogy #criminology #politics #judiciary #cyber ","K. Jaishankar, PhD",Sat Sep 07 11:11:45 +0000 2024,1,1
"@suyog41 I don't believe this is related to APT37 or ROKRAT. The objective of this malware is sending basic information and fetching additional payloads. I have not found any overlap with ebb764dc8aa586deaaae8aa56b82bb15
cfffb45df8f05d1cb5d9d95fd5a83e9e https://t.co/ECiQAvVh4d",Thu Jun 06 04:43:15 +0000 2024,Seongsu Park,1,1
" India: Gov't unveils 4 new initiatives to address growing cybercrime including national criminal suspect registry and training of 5000 new cyber roles

https://t.co/hlwkBJ4e3O

#india #cybersecurity #datasec #cybercrime #asiatechnews #technologynews #startupindia #cybersec ",Sat Sep 14 01:55:01 +0000 2024,sia's Tech News / Startup News Asia,1,1
"New claim on the shame-site for #ransomware / #datatheft group #RansomHub.

Organization: Indraprastha Institute of Information Technology, Delhi
Location: #India
Industry: #HigherEducation
Staff: 51-200 employees
Learn more at https://t.co/nVcU8y8Rj3 ",Fri Aug 30 14:55:02 +0000 2024,Threat and Risk Intelligence Services - eCrime.ch,1,1
"New claim on the shame-site for #ransomware / #datatheft group #HuntersInternational.

Organization: Crimson Interactive Pvt. Ltd.
Location: #India
Industry: #TechnologyInformationAndInternet
Staff: 501-1,000 employees
Learn more at https://t.co/nVcU8y8Rj3 ",Fri Aug 23 11:25:14 +0000 2024,Threat and Risk Intelligence Services - eCrime.ch,1,1
"New claim on the shame-site for #ransomware / #datatheft group #HuntersInternational.

Organization: Khandelwal Laboratories Pvt. Ltd.
Location: #India
Industry: #PharmaceuticalManufacturing
Staff: 501-1,000 employees
Learn more at https://t.co/nVcU8y8Rj3 ",Fri Aug 02 20:25:12 +0000 2024,Threat and Risk Intelligence Services - eCrime.ch,1,1
"New claim on the shame-site for #ransomware / #datatheft group #RansomHub.

Organization: Vinati Organics Ltd.
Location: #India
Industry: #ChemicalManufacturing
Staff: 1,001-5,000 employees
Learn more at https://t.co/nVcU8y8Rj3 ",Wed Sep 11 04:35:03 +0000 2024,Threat and Risk Intelligence Services - eCrime.ch,1,1
"New claim on the shame-site for #ransomware / #datatheft group #KillSecurity.

Organization: Arthvit 1809 Tech Pvt. Ltd. / Rupicard
Location: #India
Industry: #FinancialServices
Staff: 51-200 employees
Learn more at https://t.co/nVcU8y8Rj3 ",Tue Sep 10 19:15:03 +0000 2024,Threat and Risk Intelligence Services - eCrime.ch,1,1
" ğŸ‡®ğŸ‡³ Alleged Access Sale to Catchnews

A threat actor claimed to have put the database and access to Catchnews for sale. The database is allegedly 42 GB in size.

#India #Catchnews #Access #Dataleak #Darkweb #CTI https://t.co/YOYwE7bGY8 ",Fri May 17 09:04:43 +0000 2024,ThreatMon,1,1
"ğŸš¨Just InğŸš¨

ğŸš¨ WazirX to Resume INR Withdrawals, But Users' Crypto Remains Frozen Post-Hack! ğŸ”’ #WazirX #CryptoNews #INR #Blockchain #CyberSecurity #CryptoCommunity #Hacking #India

ğŸ“œRead More: ğŸ‘‰ https://t.co/p8lx5IlrbZ

#Bitcoin #BTC #Crypto #blockchain #web3 #NFT ",Fri Aug 23 18:34:12 +0000 2024,TSGG.XYZ,1,1
"This August, more than 4,200 students and 300 educators and from #India ğŸ‡®ğŸ‡³ and 35 other countries participated in @UNODC's practical classroom interventions on themes including integrity and #ethics, mental health, #gender equality &amp; #cyber safety https://t.co/TC80760kgo ",Wed Sep 11 11:38:28 +0000 2024,United Nations in India ,1,0
" Zee Mediaâ€™s website has been taken over by hackers from Bangladesh.
They say this is in retaliation to Zee â€œmaking fun of Bangladesh.â€

In response a Cyber attack by Indians on Bangladesh is expected!!!!

#Bangladesh #Hacking #ZeeNews #India https://t.co/SDaEBmS8we ",Wed Aug 21 22:16:03 +0000 2024,Voice of Bharat,1,1
"ğŸš¨ @WazirXIndia hacker moves $6M in stolen crypto to @TornadoCash! The plot thickens as the hunt for the culprit intensifies.

Discover more: https://t.co/9R6UIXW2Zm

@CsharpCorner
@CyversAlerts

#Blockchain #CryptoSecurity #Hacker #WazirX #TornadoCash #India #Ethereum ",Tue Sep 03 09:13:25 +0000 2024,WEB3 Universe,1,1
" La infraestructura crÃ­tica de India, sufre un aumento de ciberataques https://t.co/2sX8ObpjwD #ciberseguridad #ciberataques #hacking #india #infraestructurascriticas ",Wed Aug 28 19:42:20 +0000 2024,Ó‰Ñ¦Ğ¡Ò Ñ–Ğ˜ÔŒ Ò¬Ğ„Ñ¦Ó,1,1
" This is why India, South Korea, France like countries are investigating and thinking about to implement strict regulations on Social media, Internet under the  e Domestic laws.
#Israel #India
#IRAN #hacker https://t.co/kO0oNfQ4AL ",Thu Aug 29 04:50:15 +0000 2024,à¤—à¥à¤°à¥à¤œà¤° à¤¹à¤¾à¤ˆà¤•à¥‹à¤°à¥à¤Ÿ ğŸš©,1,0
" Ù‡Ø¬ÙˆÙ… Ø¥Ù„ÙƒØªØ±ÙˆÙ†ÙŠ ÙŠØ³ØªÙ‡Ø¯Ù Ø§Ù„Ù‡Ù†Ø¯ Ø¹Ø¨Ø± Ø¨Ø±Ø§Ù…Ø¬ Ø¶Ø§Ø±Ø© Ù…ØªÙ†ÙƒØ±Ø© ÙƒØ¯Ø¹ÙˆØ© Ù…Ù† Ø§Ù„Ù‚ÙˆØ§Øª Ø§Ù„Ø¬ÙˆÙŠØ©!

8.81 ØºÙŠØºØ§Ø¨Ø§ÙŠØª Ù…Ù† Ø§Ù„Ø¨ÙŠØ§Ù†Ø§Øª ØªÙ… ØªØ³Ø±ÙŠØ¨Ù‡Ø§.

ÙƒÙ† Ø­Ø°Ø±Ø§Ù‹ Ù…Ù† Ø±Ø³Ø§Ø¦Ù„ Ø§Ù„Ø¨Ø±ÙŠØ¯ Ø§Ù„Ø¥Ù„ÙƒØªØ±ÙˆÙ†ÙŠ Ø§Ù„Ù…Ø´Ø¨ÙˆÙ‡Ø©.

#Ø§Ù„Ø£Ù…Ù†_Ø§Ù„Ø³Ù‘ÙŠØ¨Ø±Ø§Ù†ÙŠ #Ø§Ù„Ù‡Ù†Ø¯
#Hackers #malware  #AirForceInvite
#India
https://t.co/bA0RgpsTX3 ",Sat Mar 30 21:12:38 +0000 2024,Ø³ÙŠÙ Ù…Ø­Ù…Ø¯ Ø¨Ù† ØµÙÙˆØ§Ù† | Saif Bin Safwan,1,1
 https://t.co/yFJG0ep23D #cloudnews #ã‚¯ãƒ©ã‚¦ãƒ‰ å‹§å‘Šã«ã‚ˆã‚‹ã¨ã€ã€Œã‚¢ãƒŠãƒ‰ãƒªã‚¨ãƒ«ã€ã‚‚ã—ãã¯ã€Œï¼¡ï¼°ï¼´ï¼“ï¼—ã€ã¨å‘¼ã°ã‚Œã‚‹ãƒãƒƒã‚«ãƒ¼é›†å›£ãŒã€æˆ¦è»Šã‚„æ½œæ°´è‰¦ã€æµ·è»è‰¦è‰‡ã€æˆ¦é—˜æ©Ÿã€ãƒŸã‚µã‚¤ãƒ«ã‚„ãƒ¬ãƒ¼ ãƒ€ãƒ¼ã‚·ã‚¹ãƒ†ãƒ ã®è£½é€ æ¥­è€…ã‚’å«ã‚€å¤šå²ã«ã‚ãŸã‚‹é˜²è¡›ãƒ»ã‚¨ãƒ³ã‚¸ãƒ‹ã‚¢ãƒªãƒ³ã‚°ä¼æ¥­ã®ã‚³ãƒ³ãƒ”ãƒ¥ãƒ¼ã‚¿ãƒ¼ã‚·ã‚¹ãƒ†ãƒ ã‚’æ¨™çš„ã¨ã—ãŸã‚µã‚¤ãƒãƒ¼,Thu Jul 25 22:30:38 +0000 2024,ãŸ,0,1
"ğŸš¨DDoS AlertğŸš¨

RipperSec claims to have targeted the website of Harco Bank.    

NB: site is down at the moment

#India  
#ddos #CyberAttack #threatintel #CTI https://t.co/YMq8Z35wQm",Thu Oct 03 06:27:43 +0000 2024,FalconFeeds.io,1,1
"FalconFeeds.io ğŸš¨ DDoS Alert ğŸš¨

RipperSec claims to have targeted the website of RetroEV.

NB: site is down at the moment 

#India
#ddos #CyberAttack #threatintel #cti https://t.co/enGUc8CMsQ ",Mon Sep 23 06:17:53 +0000 2024,FalconFeeds.io,1,1
"FalconFeeds.io ğŸš¨ DDoS Alert ğŸš¨

RipperSec claims to have targeted the website of IIT Mandi  

NB: site is down at the moment  

#India 
#ddos #CyberAttack #threatintel #CTI https://t.co/Qa3RG4ZyXJ ",Wed Sep 18 06:38:16 +0000 2024,FalconFeeds.io,1,1
"FalconFeeds.io ğŸš¨ Alert ğŸš¨

The groups Khilafah Hackers and Dxploit, operating under Tahrir Ul Ummah, have officially allied with KALEGY319. They claim to target India under the campaign named ""OperationIndia"".

#India
#CTI #ThreatIntel #InfoSec #CyberAttack https://t.co/YOuoUMkrLF ",Tue Sep 17 12:32:36 +0000 2024,FalconFeeds.io,1,1
"ğŸš¨ Alert : Al Ahad claims to target India ğŸš¨

A recent post by the group indicates that they are targeting the infrastructure of India.

#India
#cyberattack #infosec #threatintel https://t.co/OFtGfvpnnS ",Thu Sep 12 10:20:37 +0000 2024,FalconFeeds.io,1,1
 Are governments able to keep up with cyberattacks from Bad actors? Recently India's Power Grid CCTV images appeared in Taiwan and South Korea! How did this happen? And who detected it first? Sensational revelations! #cyberattack #India https://t.co/p5vShhA2Qv @AshwiniVaishnaw ,Mon Oct 07 13:41:32 +0000 2024,Sree Iyer,1,1
" à¤‰à¤¤à¥à¤¤à¤°à¤¾à¤–à¤‚à¤¡ à¤°à¤¾à¤œà¥à¤¯ à¤•à¥‡ à¤¸à¤°à¤•à¤¾à¤°à¥€ à¤¸à¤¿à¤¸à¥à¤Ÿà¤® à¤ªà¤° à¤¸à¤¾à¤‡à¤¬à¤° à¤¹à¤®à¤²à¤¾..!
à¤‰à¤¤à¥à¤¤à¤°à¤¾à¤–à¤‚à¤¡ à¤¸à¥€à¤à¤® à¤¹à¥‡à¤²à¥à¤ªà¤²à¤¾à¤‡à¤¨ à¤¸à¤®à¥‡à¤¤ 186 à¤µà¥‡à¤¬à¤¸à¤¾à¤‡à¤Ÿà¥à¤¸ à¤•à¥ˆà¤¸à¥‡ à¤¹à¥à¤ˆ à¤¹à¥ˆà¤•..? à¤¸à¤¾à¤‡à¤¬à¤° à¤¹à¤®à¤²à¥‡ à¤¸à¥‡ à¤ªà¥à¤°à¤¦à¥‡à¤¶ à¤•à¤¾ à¤ªà¥‚à¤°à¤¾ à¤†à¤ˆà¤Ÿà¥€ à¤¸à¤¿à¤¸à¥à¤Ÿà¤® 72 à¤˜à¤‚à¤Ÿà¥‡ à¤ à¤ª à¤°à¤¹à¤¾ l #Uttarakhand #CyberAttack #CyberFraud #IPSOfficer #Bharat #India #searchindianews https://t.co/NZDYdxdv1x ",Fri Oct 04 12:52:18 +0000 2024,Search India News (à¤¸à¤°à¥à¤š à¤‡à¤‚à¤¡à¤¿à¤¯à¤¾ à¤¨à¥à¤¯à¥‚à¤œà¤¼),1,1
" (à¤¸à¤°à¥à¤š à¤‡à¤‚à¤¡à¤¿à¤¯à¤¾ à¤¨à¥à¤¯à¥‚à¤œà¤¼) à¤‰à¤¤à¥à¤¤à¤°à¤¾à¤–à¤‚à¤¡ à¤•à¥‡ à¤¸à¤°à¤•à¤¾à¤°à¥€ à¤¸à¤¿à¤¸à¥à¤Ÿà¤® à¤ªà¤° à¤¸à¤¾à¤‡à¤¬à¤° à¤¹à¤®à¤²à¤¾...!
à¤¸à¥€à¤à¤® à¤¹à¥‡à¤²à¥à¤ªà¤²à¤¾à¤‡à¤¨ à¤¸à¤®à¥‡à¤¤ 186 à¤µà¥‡à¤¬à¤¸à¤¾à¤‡à¤Ÿà¥à¤¸ à¤¹à¥ˆà¤•...à¤¸à¤¾à¤‡à¤¬à¤° à¤¹à¤®à¤²à¥‡ à¤¸à¥‡ à¤ªà¥à¤°à¤¦à¥‡à¤¶ à¤•à¤¾ à¤ªà¥‚à¤°à¤¾ à¤†à¤ˆà¤Ÿà¥€ à¤¸à¤¿à¤¸à¥à¤Ÿà¤® 72 à¤˜à¤‚à¤Ÿà¥‡ à¤ à¤ª à¤°à¤¹à¤¾ l #Uttarakhand #CyberAttack #CyberFraud #IPSOfficer #Bharat #India #searchindianews https://t.co/nTRXOrXPjX ",Fri Oct 04 11:42:00 +0000 2024,Search India News (à¤¸à¤°à¥à¤š à¤‡à¤‚à¤¡à¤¿à¤¯à¤¾ à¤¨à¥à¤¯à¥‚à¤œà¤¼),1,1
" ğŸš¨ Data Breach Alert ğŸš¨

A member of BreachForums has posted about a significant data breach involving Andamen. The compromised data includes information on 26,000 individuals, such as Full name, Email address, Phone number, State, Country, etc.

#India
#Cyberattack #Databreach https://t.co/XMyHPjAEj4 ",Wed Oct 02 21:25:31 +0000 2024,FalconFeeds.io,1,1
" #BREAKING:

"" Cyber attack on multiple Indian nuclear power plants, emergency declared "".

#India #NuclearEnergy #CyberAttack https://t.co/2Y82KvMmTS ",Tue Oct 01 16:26:26 +0000 2024,ğ——ğ—¶ğ—´ğ—¶ğ˜ğ—®ğ—¹ ğ—£ğ—®ğ—¸ğ—¶ğ˜€ğ˜ğ—®ğ—»,1,1
"ğŸš¨ A governmental website of #India, hxxps://museumsrajasthan[.]rajasthan[.]gov[.]in/common/anjim[.]htm, was reportedly hacked by Iman19x.

#CyberAttack #Hacktivist #India https://t.co/yKxGlB042P ",Mon Sep 30 19:33:06 +0000 2024,cyberundergroundfeed,1,1
" #India ğŸ‡®ğŸ‡³ #Brazil ğŸ‡§ğŸ‡· - Kill Security has announced 3 new victims on its blog site.

ğŸ‡®ğŸ‡³ - Porter
ğŸ‡®ğŸ‡³ - Poorvika Mobiles Private
ğŸ‡§ğŸ‡· - Portal da Nota Fiscal EletrÃ´nica#DarkWeb #cyberattack #databreach https://t.co/3fcheKOnOV ",Mon Sep 30 16:00:00 +0000 2024,Dark Web Intelligence,1,1
"India cracks down on leaked Aadhaar and PAN data, blocks insecure websites
 https://t.co/cuJ1zYTgPD

#India #Aadhaar #aadhaarcard #PAN #vulnerability #2fa #RCE #ZeroTrust #ZeroDay #cybercrime #hacker #privacy #APT #bot #CISO #DDoS #hacking #phishing #CyberAttack #cybersecurity ",Thu Sep 26 17:29:49 +0000 2024,ğ”¸ğ•ğ•šğ•¥ğ•’ğ•§ ğ”¹ğ•™ğ•’ğ•¥ğ•¥ğ•’ğ•”ğ•™ğ•’ğ•£ğ•›ğ•–ğ•–,1,1
"First India YouTuber #RanveerAllahbadia's YouTube channels, including #BeerBiceps, were hacked on Wednesday night and renamed ""Tesla"" by cyber attackers.

#YouTube #RanveerAllahbadia #Hack #India #Cyber #CyberSecurity #CyberAttack #Tesla #YouTubeChannel #YouTubeHack #Rename #Podcast https://t.co/2M7PdtS6yL ",Thu Sep 26 12:47:11 +0000 2024,,1,1
"ğŸš¨ Data Breach Alert ğŸš¨

A member of BreachForums has posted about a significant data breach involving Palamuru University, Mahabubnagar. The leaked data includes names, email addresses, physical addresses, passwords, etc.    

#India
#Cyberattack #Databreach #Darkweb #InfoSec https://t.co/xs3ZjaLom1 ",Sat Sep 21 13:01:35 +0000 2024,FalconFeeds.io,1,1
"ğŸš¨ Data Breach Alert ğŸš¨

A threat actor claims to have leaked the voter data from the Punjab Legislative Assembly Election 2022. The data includes information on 20,907,626 voters.

#India
#Cyberattack #Databreach #Darkweb #InfoSec https://t.co/kdArCxShGh ",Fri Sep 20 09:29:42 +0000 2024,FalconFeeds.io,1,1
" ğŸš¨ Data Breach Alert ğŸš¨

A member of BreachForums has posted about a significant data breach involving AirFinch. The claimed data includes information on 2,150 users, with data ranging from 2019 to 2024, such as User ID, First Name, Email, etc.

#India
#Cyberattack #Databreach https://t.co/xscvHUu6a8 ",Thu Sep 19 18:37:52 +0000 2024,FalconFeeds.io,1,1
"Threat Actor Allegedly Selling Bharat Petroleum Database
#BreakingNews #Trending
#CyberAttack #CyberSec #India
#securitybreach
https://t.co/IHee91un9D ",Wed Sep 18 11:49:30 +0000 2024,India Cyber Security News,1,1
"ğŸš¨ RansomHub Ransomware Alert ğŸš¨

RansomHub #ransomware group has added 2 new victims to their #darkweb portal.

- M.KARRARI ğŸ‡§ğŸ‡·
- Melange Systems Pvt Ltd ğŸ‡®ğŸ‡³

#Brazil #India
#RansomHub #cti #cyberattack https://t.co/fIYqdW6Hlf",Sun Oct 27 07:29:10 +0000 2024,FalconFeeds.io,1,1
"The #cyberattack on #SaudiArabia's petrochemical plant underscores the urgency for #India to bolster cybersecurity in its chemical sector, preventing potential tragedies and safeguarding public safety, writes Shravishtha Ajaykumar https://t.co/1Ybj12VNMp",Sat Oct 26 15:05:00 +0000 2024,ORF,1,1
"ğŸš¨ Data Breach Alert ğŸš¨

A threat actor on BreachForums has listed the Chandigarh Golf Club data for sale. The compromised dataset includes more than 5,000 records containing full names, email addresses, phone numbers, addresses, etc.

#India #Cyberattack #Databreach #Darkweb #InfoSec",Sat Oct 26 09:03:59 +0000 2024,FalconFeeds.io,1,1
"Maritime Shipping: Cyber Actors Threaten Global Routes

Click on the link to find out more.

#cyberattack #shipping #maritime #apt #china #india #usa

https://t.co/XYbTY2JNBm",Sat Oct 26 06:00:13 +0000 2024,Grey Dynamics,1,1
"ğŸš¨ Ransomware Alert ğŸš¨

HUNTERS INTERNATIONAL #ransomware group has added 2 new victims to their #darkweb portal.

- Ambica Steels Ltd ğŸ‡®ğŸ‡³
- Niko Resources Ltd ğŸ‡¨ğŸ‡¦

#India #Canada
#HUNTERSINTERNATIONAL #cti #cyberattack https://t.co/DFGg4PZkzq",Fri Oct 25 13:27:26 +0000 2024,FalconFeeds.io,1,1
"iZOOlogic has uncovered a phishing campaign exploiting PaaS platforms to deceive users and target financial companies in a bid to harvest data.

#PhishingCampaign #PaaS #India #FraudulentWebsites #Cyberattack

https://t.co/C4u7fczWL8 https://t.co/QCP1hERQ4p",Fri Oct 25 13:01:56 +0000 2024,iZOOlogic,1,1
"ğŸš¨ LYNX Ransomware Alert ğŸš¨

LYNX #ransomware group has added 3 new victims to their #darkweb portal.

- Denkali ğŸ‡®ğŸ‡³
- Valuemax Group Ltd ğŸ‡¸ğŸ‡¬
- Precision Electrical Systems ğŸ‡ºğŸ‡¸

#India #Singapore #USA
#Lynx #DataBreach #CyberAttack #infosec https://t.co/aaT45Fffxm",Fri Oct 25 11:38:32 +0000 2024,FalconFeeds.io,1,1
"ğŸš¨  Kill Security Ransomware Alert ğŸš¨

Kill Security Ransomware Group has added 4 new victim to their #darkweb portal.

- NoBroker ğŸ‡®ğŸ‡³
- Government of Brazil ğŸ‡§ğŸ‡·
- SW Reclaim ğŸ‡¬ğŸ‡§
- Wilson Tarquin Ltd ğŸ‡¬ğŸ‡§

#India #UK #Brazil
#KillSecurity  #Ransomware
#DataBreach #CyberAttack #Infosec #CTI",Fri Oct 25 06:07:34 +0000 2024,FalconFeeds.io,1,1
"The #cyberattack on #SaudiArabia's petrochemical plant underscores the urgency for #India to bolster cybersecurity in its chemical sector, preventing potential tragedies and safeguarding public safety, writes Shravishtha Ajaykumar https://t.co/aKiJ3365ig",Fri Oct 25 04:45:00 +0000 2024,ORF Kolkata,1,1
"ğŸš¨ RA World Ransomware Alert ğŸš¨

RA World #ransomware group has added 2 new victims to their #darkweb portal.

-  Prince Pipes and Fittings Ltd ğŸ‡®ğŸ‡³
- P+B Team Aircargo Service GmbH ğŸ‡©ğŸ‡ª

#India
#Germany
#RAWorld #DataBreach #CyberAttack #infosec https://t.co/tu6d9qEanF",Thu Oct 24 02:17:03 +0000 2024,FalconFeeds.io,1,1
"The #cyberattack on #SaudiArabia's petrochemical plant underscores the urgency for #India to bolster cybersecurity in its chemical sector, preventing potential tragedies and safeguarding public safety, writes Shravishtha Ajaykumar https://t.co/aKiJ335xsI",Wed Oct 23 07:00:01 +0000 2024,ORF Kolkata,1,1
"ğŸš¨ Cyber Threat Alert: Indian Hacktivist Group Targets Canadaâ€™s Digital Infrastructure ğŸš¨

The Indian Cyber Force, a pro-Indian hacktivist group, has issued a public threat to launch cyber attacks on Canadaâ€™s digital infrastructure.

#Cyberattack #India #Canada https://t.co/HXJse0e3Ok",Tue Oct 22 07:28:07 +0000 2024,Anonymous Palestine ğŸ‡µğŸ‡¸,1,1
Pakistan à¤•à¤¾ Bharat à¤ªà¤° Cyber Attack With Amit Singh #cyberattack #pakistancyberattack #cybersecurity #pakistan  #india  #podcaswithamitsingh  #cybercrimepodcast  #cybersecurity  #cyberscam  #podcastnew  #newpodcast #hacker  #hacking  #hackingsites https://t.co/Qiy5ixWBS7,Thu Oct 17 06:30:00 +0000 2024,Pooja Singh,1,1
"à¨­à¨¾à¨°à¨¤ à¨…à¨¤à©‡ à¨•à©ˆà¨¨à©‡à¨¡à¨¾ à¨µà¨¿à¨šà¨•à¨¾à¨° à¨¦à©à¨¸à¨¼à¨®à¨¨à©€! || Ritam Punjabi

https://t.co/xRnBOYEvhG

#cybercrime #cyberattack #pmnarendramodi #justintrudeau #canada #india #canadagovernment #canadaindiarelations #ritampunjabi https://t.co/VpD7evJ3CG", Mon Nov 04 09:43:38 +0000 2024,Ritam Punjabi,1,1
"WATCH | à¤•à¤¨à¤¾à¤¡à¤¾ à¤•à¥€ à¤à¤• à¤°à¤¿à¤ªà¥‹à¤°à¥à¤Ÿ à¤®à¥‡à¤‚ à¤­à¤¾à¤°à¤¤ à¤¸à¥‡ à¤¸à¤¾à¤‡à¤¬à¤° à¤…à¤Ÿà¥ˆà¤• à¤•à¤¾ à¤–à¤¤à¤°à¤¾ à¤œà¤¾à¤¹à¤¿à¤° à¤•à¤¿à¤¯à¤¾ à¤—à¤¯à¤¾ à¤¹à¥ˆ  

@Pooja_Sachdeva_ | https://t.co/smwhXURgtc

#Canada #ForeignMinister #India #CyberAttack #LatestNews https://t.co/tG74hleJ73",Sun Nov 03 04:11:12 +0000 2024,ABP News,1,1
"New Android Banking Malware &amp;#8216;ToxicPanda&amp;#8217; Targets Users with Fraudulent Money Transfers

Learn More â¥ https://t.co/VFQ905hFDQ

#cybersecurity #hacking #cyberattack #technews",Tue Nov 05 13:02:04 +0000 2024,All Hacker News,0,1
"LightSpy: scoperta una nuova versione del Malware che prende di mira iOS e Android https://t.co/tOMGwAaKNS

#5novembre #SPY #malware #iOS #android #cyberattack #cybercrime #cybersecuritytips https://t.co/wvha0MIY9x",www.pejone.it,Tue Nov 05 13:00:02 +0000 2024,0,1
"If your account gets hacked or tampered with, all you need is a good hacker...
 Inbox now for all hacking services
 #Hacked #icloud #snapchat #
 Discord
 #roblox #missing phone
 #privacy
 #CyberSecurity #cyberattack
 #Linux
 #MachineLearning https://t.co/tKiJnI9N5D",Tue Nov 05 12:56:08 +0000 2024,IPASSWORD,0,1
"å¼ºåˆ¶å¯†ç è¿‡æœŸæ˜¯æœ‰åŠ©äºè¿˜æ˜¯æŸå®³æ‚¨çš„å¯†ç å®‰å…¨æ€§ï¼Ÿ
 #DataSecurity #Privacy
 #100DaysOfCode #CloudSecurity
 #MachineLearning #Phishing #Ransomware #Cybersecurity #CyberAttack #DataProtection
 #DataBrerach #Hacked #Infosec https://t.co/qzPMkP9dYQ","Tue Nov 05 12:51:34 +0000 2024",Anthonyâ€™s RECOVERIES,0,1
Pakistani #Hackers Targeted High-Profile Indian Entities using Custom RAT: https://t.co/QqDRs349C6 #cyberattack #malware,Tue Nov 05 12:44:58 +0000 2024,ImmuniWeb,1,1
"https://t.co/XFmjT5XUUA Building cyber resilience to prevent, withstand and recover from disruptions to your network infrastructure is increasingly important. #cyberresilience #cyberattack #cybersecurity #itops #secops #securitybreach",Tue Nov 05 12:25:00 +0000 2024, Security Boulevard,0,0
"ğ—§ğ—µğ—² ğ—¦ğ˜‚ğ—»ğ—±ğ˜ ğ—–ğ—¼ğ—ºğ—½ğ—®ğ—»ğ—¶ğ—²ğ˜€, ğ—œğ—»ğ—°. ğŸ‡ºğŸ‡¸ has been reportedly targeted in a #CyberAttack by ğ—¥ğ—®ğ—»ğ˜€ğ—¼ğ—ºğ—›ğ˜‚ğ—¯.

ğŸ‘‡ Information potentially exposed in the incident:
  â€¢ Confidential business data
  â€¢ Full names
  â€¢ Email addresses

Get more details on this incident and explore similar cases on ğ—©ğ—²ğ—»ğ—®ğ—¿ğ—¶ğ—«: Cyber Insights Platform. Sign up free ğŸ‘‰ https://t.co/YRgNQN4g2j

#Ransomware #Cybersecurity
",Tue Nov 05 12:04:18 +0000 2024,VenariX,0,1
"Leveraging Wazuh for Zero Trust security

Learn More â¥ https://t.co/d2O8mCwMvI

#cybersecurity #hacking #cyberattack #technews",Tue Nov 05 12:02:05 +0000 2024,All Hacker News,0,0
"Cyber attacks are like unexpected pop quiz you didn't sign up for. ğŸ“ğŸ’¥
Don't let it ruin your day. Prepare, communicate &amp; stay calm. ğŸ›¡ï¸
Contact Elasticito to ace your cyber crisis.

https://t.co/Em93Dj2Y2j

#cybersecurity #ncsc #cyberattack #dataprivacy https://t.co/glkhx5lWEP",Tue Nov 05 12:00:03 +0000 2024, elasticito,0,0
"Always double-check emails, SMS, calls, and QR codes before you engage. Letâ€™s protect our personal information and stay safe together.
#CyberSecurityAwarenessMonth #BajajCapitalInsurance #StaySecure #ScamAwareness #cyber #cybersecurity #cyberattack #fraud #staysafe https://t.co/HGfpTDtQCA
Created At: ","Tue Nov 05 11:53:35 +0000 2024
",Bajaj Capital Insurance Broking Ltd.,0,0
"Stay Alert, Stay Secure! ğŸŒ
Scammers are constantly finding new ways to trick us. Remember: *If it sounds too good to be true, it probably is!*
#CyberSecurityAwarenessMonth #BajajCapitalInsurance #StaySecure #ScamAwareness #cyber #cybersecurity #cyberattack #fraud #staysafe https://t.co/Xf0q9wxOzI",Tue Nov 05 11:53:34 +0000 2024,Bajaj Capital Insurance Broking Ltd.,0,0
"ğ— ğ—²ğ—ºğ—¼ğ—¿ğ—¶ğ—®ğ—¹ ğ—›ğ—¼ğ˜€ğ—½ğ—¶ğ˜ğ—®ğ—¹ & ğ— ğ—®ğ—»ğ—¼ğ—¿ ğŸ‡ºğŸ‡¸ has been reportedly targeted in a #CyberAttack by ğ—˜ğ—ºğ—¯ğ—®ğ—¿ğ—´ğ—¼.

Get more details on this incident and explore similar cases on ğ—©ğ—²ğ—»ğ—®ğ—¿ğ—¶ğ—«: Cyber Insights Platform. Sign up free ğŸ‘‰ https://t.co/YRgNQN4g2j

#Ransomware #Cybersecurity",Tue Nov 05 11:47:35 +0000 2024,VenariX,0,1
"ğ— ğ—®ğ˜…ğ——ğ—®ğ˜ğ—® ğ—¦ğ—¶ğ˜€ğ˜ğ—²ğ—ºğ—®ğ˜€, ğ—Ÿğ˜ğ—±ğ—®. ğŸ‡§ğŸ‡· has been reportedly targeted in a #CyberAttack by ğ—¥ğ—®ğ—»ğ˜€ğ—¼ğ—ºğ—›ğ˜‚ğ—¯.

Get more details on this incident and explore similar cases on ğ—©ğ—²ğ—»ğ—®ğ—¿ğ—¶ğ—«: Cyber Insights Platform. Sign up free ğŸ‘‰ https://t.co/YRgNQN4g2j

#Ransomware #Cybersecurity",Tue Nov 05 11:47:27 +0000 2024,VenariX,0,1
"#cisco recently announced that a #hacker gained access to certain non-public files during a security incident revealed in October.
https://t.co/JNSfF1CGJc

#cyberattack #databreach #zettawise https://t.co/k1YCDJIZoN",Tue Nov 05 11:39:33 +0000 2024,Zettawise Consulting,0,1
"Cyber ALERTğŸš¨
Schneider Electric Confirms Developer Platform Breach!
https://t.co/fzsT7ZxxPz

#CyberSecurity #DataBreach #SchneiderElectric #InfoSec #JiraBreach #DataLeak #StaySecure #CyberAttack #TechNews #IncidentResponse #Cyberthreat #Schneider #Cybernews #IncidentResponse https://t.co/qtU3OxAVMB",Tue Nov 05 11:20:49 +0000 2024,Excalibur AI,0,1
"Eight weird ways employees can (accidentally) expose data
#DataSecurity #Privacy
#100DaysOfCode
#CloudSecurity
#MachineLearning #Phishing #Ransomware #aw qqa as #CyberAttack #DataProtection
#DataBreach https://t.co/d1VCBipTRN","Tue Nov 05 11:18:49 +0000 2024
",Anthonyâ€™s RECOVERIES,0,0
"ğ—™ğ˜†ğ—¹ğ—±ğ—² ğ—–ğ—¼ğ—®ğ˜€ğ˜ ğ—”ğ—°ğ—®ğ—±ğ—²ğ—ºğ˜† ğ—§ğ—¿ğ˜‚ğ˜€ğ˜ (ğ—™ğ—–ğ—”ğ—§) ğŸ‡¬ğŸ‡§ has been reportedly targeted in a #CyberAttack by ğ—¥ğ—µğ˜†ğ˜€ğ—¶ğ—±ğ—®.

ğŸ‘‡ Information potentially exposed in the incident:
  â€¢ Full names
  â€¢ Dates of birth
  â€¢ Passports
  â€¢ Confidential business data

Get more details on this incident and explore similar cases on ğ—©ğ—²ğ—»ğ—®ğ—¿ğ—¶ğ—«: Cyber Insights Platform. Sign up free ğŸ‘‰ https://t.co/YRgNQN4g2j

",Tue Nov 05 11:16:35 +0000 2024,VenariX,0,1
"EPI Breads ğŸ‡ºğŸ‡¸ is notifying 10,853 people of a #databreach following a #cyberattack in August 2024. #ransomware gang Play claimed the attack.

This is the third-largest data breach on a US food and beverage company via ransomware this year so far.

https://t.co/uqzZpcfdCS",Tue Nov 05 10:56:57 +0000 2024,Comparitech,0,1
"Hacking is way Easier when you contact the right hacker.
Inbox me now for all your hacking services I'm available
24/7@ #hacked #icloud #imessage #facebookdown #ransomware #snapchat #discord #hacking #xboxshare #robloxseries #Instagram
#100DaysOfHacking
#100DaysOfCode https://t.co/RUApew98F4
",Wed Nov 06 15:57:34 +0000 2024,SPECTER CYBERSECURITY,0,0
"8 strange ways emproyees can (accidently) expose data
#DataSecurity #Privacy
#100DaysOfCode
#CloudSecurity
#MachineLearning #Phishing #Ransomware #Cybersecurity #CyberAttack #DataProtection
#DataBreach #Hacked
#Infosec!! https://t.co/NrTq8HNdN4
",Wed Nov 06 15:57:00 +0000 2024,SPECTER CYBERSECURITY,0,0
"Hacking is a lot easier when you connect with the right hacker.
Get All Your Hacking Services Inbox Now
I'm always available 24/7
#hacked #icloud #imessage #facebookdown #ransomware #snapchat #discord #havking #xboxshare #robloxseries #missingphone https://t.co/tPmDd19exp
",Wed Nov 06 15:48:21 +0000 2024,Data cyberlinux,0,0
"ğŸ´â€â˜ ï¸ Fog has just published a new victim: Cape Cod Regional Technical High School (https://t.co/nILFQdBsB5)

-----------------

https://t.co/ec1U1MPvsR

#ransomware",Wed Nov 06 15:30:31 +0000 2024,Ransomware.live,0,1
"ğŸ´â€â˜ ï¸ Fog has just published a new victim: GSR Andrade Architects (https://t.co/lcQSwav96i)

-----------------

https://t.co/1eOeEEKuvo

#ransomware
Created At: ",Wed Nov 06 15:30:30 +0000 2024,Ransomware.live,0,1
"Recover locked/lost accounts with ease,
DM for all account retrievals.
#gmailhack #gmaildown #hacked #Hacking #hackaccount
#hacked #facebookdown #WhatsApp #hackedinstagram #TwitterDown #lockedaccount #metamask #ransomware https://t.co/Jpppvji0li ",Wed Nov 06 15:21:46 +0000 2024,Cyber Security experts,0,0
"November's Threat Intel Newsletter examines More_eggs and COVERTCATCH, two malware campaigns that target the hiring process. Read remediation tactics and more information in our latest Threat Intel Newsletter: https://t.co/xTT6zYktZ8
 
#threatintel #cybersecurity #infosec https://t.co/iBSDfensbI",Fri Nov 15 15:00:26 +0000 2024,K logix,0,1
"ğŸš¨ DDoS AlertğŸš¨

RipperSec claims to have targeted the website of New South Wales Police Force.

NB: The site is down at the moment.

#Australia
#ddos #cyberattack #cti #threatintel https://t.co/PeT63PNSdr",Fri Nov 15 14:31:32 +0000 2024,FalconFeeds.io,0,1
"[https://t.co/otlIKKsWhQ]ğŸŒ€ Intrestingly came across a distributing XMRIG and also hosting Sliver

ğŸš¨185.193.125[.]172

#threatintel https://t.co/NHIynK7cyf",Fri Nov 15 14:20:52 +0000 2024,Mâˆ†LWAR3NINJA | Threatview.io ğŸ’»,0,1
"European researchers have connected Russian disinformation AKA ""DopplegÃ¤nger"" with VexTrio infrastructure and pointed at a potential identity for #VexTrio. Check out this blog from Qurium &amp; stay tuned for more updates: https://t.co/ox4jyJv7vA
#ThreatIntel #Cybersecurity #InfoSec",Fri Nov 15 14:10:11 +0000 2024,Infoblox,0,1
"The OWASP  highlights the top security threats facing LLMs, guiding organizations in strengthening their defenses. AiFort is an intelligence-led red teaming platform tailored to protect both commercial and custom AI models.
 https://t.co/qllIP4H91U

#AI #ThreatIntel #LLM #GenAI",Fri Nov 15 13:40:12 +0000 2024,KELA,0,1
"ğŸš¨ Phemedrone Stealer v2.3.2: A Major Security Threat! ğŸš¨ This malware tool is now for sale, posing significant risks to digital security. #CyberSecurity #Infosec #CTI #ThreatIntel

ğŸ”‘ Key Details:
- ğŸ¦  Phemedrone Stealer v2.3.2 is designed for data theft and credential harvesting.
- ğŸ’» Targets include personal and corporate systems.
- ğŸ› ï¸ Features advanced evasion techniques to bypass security measures.
- ğŸ“ˆ Increasing popularity among cybercriminals due to its effectiveness.

ğŸ”— Source: https://t.co/IbWtpgYScx

Are you prepared to defend against such threats? What security measures do you have in place? Let's discuss! ğŸ’¬

#DarkWeb #ThreatIntelligence #Malware #DataTheft #CyberAwareness #ITSecurity #NetworkSecurity #OnlineSafety #CyberThreats #DigitalSecurity #AdvancedThreats",Fri Nov 15 13:30:04 +0000 2024,CTI Labs ğŸ§ª,0,1
"New Ransomware Diaries vol. by @Jon__DiMaggio : ""Lie to Me - A Bassterlord Ransomware Story.""

Discover how Maltego visualizations &amp; OSINT/HUMINT unmasked a notorious cybercriminal's true identity. Must-read for #ThreatIntel &amp; #CyberSec pros!
https://t.co/nIXTEw6N5I",Fri Nov 15 13:27:24 +0000 2024,Zachel,0,1
"ğŸµ New MeloFee Variant Analysis! Explore the latest developments in this evolving malware threat. #CyberSecurity #Infosec #MalwareAnalysis #ThreatIntel

ğŸ”‘ Key Details:
- ğŸ¦  MeloFee variant exhibits advanced evasion techniques.
- ğŸ” Capable of bypassing traditional security measures.
- ğŸ›¡ï¸ Targets sensitive data through sophisticated attack vectors.
- ğŸ“ˆ Highlights the importance of continuous threat monitoring and adaptation.

ğŸ”— Source: https://t.co/pnZ62DIDBK

What steps are you taking to stay ahead of evolving malware threats? Let's discuss your approaches! ğŸ’¬

#CyberThreats #ITSecurity #NetworkSecurity #DigitalSecurity #AdvancedThreats #DataProtection #TechInnovation","Fri Nov 15 13:22:39 +0000 2024",CTI Labs ğŸ§ª,0,0
"ğŸ¦… Hawkeye Malware: Technical Analysis Uncovered! Dive into the intricate workings of this notorious malware. #CyberSecurity #Infosec #MalwareAnalysis #ThreatIntel      

ğŸ”‘ Key Details:
- ğŸ¦  Hawkeye is designed to steal sensitive information, including credentials.
- ğŸ” Utilizes keylogging and credential harvesting techniques.
- ğŸ›¡ï¸ Employs obfuscation to evade detection by security tools.
- ğŸ“Š Provides insights into its distribution methods and infection vectors.

ğŸ”— Source: https://t.co/NSiynfUep4

How are you protecting your systems against such malware threats? Share your defense strategies! ğŸ’¬

#CyberThreats #ITSecurity #NetworkSecurity #DigitalSecurity #AdvancedThreats #DataProtection #TechInnovation",Fri Nov 15 13:21:09 +0000 2024,CTI Labs ğŸ§ª,0,1
"ğŸ“§ Onomastics Gymnastics: How Darktrace Detects Spoofing and Business Email Compromise! Learn about innovative techniques to secure your communications. #CyberSecurity #Infosec #EmailSecurity #ThreatIntel

ğŸ”‘ Key Details:
- ğŸ•µï¸â€â™‚ï¸ Darktrace uses AI to identify spoofing and email compromise in multi-name users.
- ğŸ” Analyzes linguistic patterns and user behavior for anomalies.
- ğŸ›¡ï¸ Enhances protection against phishing and impersonation attacks.
- ğŸ“ˆ Provides real-time alerts to mitigate risks swiftly.

ğŸ”— Source: https://t.co/KbQMAPKz4R

What measures are you taking to protect your organization from email threats? Let's discuss your strategies! ğŸ’¬

#CyberThreats #ITSecurity #NetworkSecurity #DigitalSecurity #AdvancedThreats #AI #MachineLearning #Phishing #Impersonation", Fri Nov 15 13:17:37 +0000 2024,CTI Labs ğŸ§ª,0,0
"ğŸ” Dissecting a Multi-Stage PowerShell Campaign Using Chisel! Unveil the complexities of this sophisticated cyber attack. #CyberSecurity #Infosec #ThreatIntel #PowerShell

ğŸ”‘ Key Details:
- ğŸ› ï¸ Multi-stage attack leveraging PowerShell scripts for execution.
- ğŸ•µï¸â€â™‚ï¸ Uses Chisel for tunneling and data exfiltration.
- ğŸ” Employs obfuscation techniques to avoid detection.
- ğŸ›¡ï¸ Highlights the need for robust monitoring and response strategies.

ğŸ”— Source: https://t.co/0XjCKU0KIg

How are you enhancing your defenses against such complex attacks? Share your thoughts and strategies! ğŸ’¬

#CyberThreats #ITSecurity #NetworkSecurity #DigitalSecurity #AdvancedThreats #DataProtection #TechInnovation",Fri Nov 15 13:15:28 +0000 2024,CTI Labs ğŸ§ª,0,1
"ğŸ•µï¸â€â™‚ï¸ Emmenhtal Loaders: Stealthy Tactics for Delivering Lumma and Other Malware! Dive into the sophisticated methods used by these loaders. #CyberSecurity #Infosec #CT 
I #ThreatIntel

ğŸ”‘ Key Details:
- ğŸ¦  Emmenhtal loaders employ stealth techniques to bypass detection.
- ğŸ“¥ Deliver various malware, including Lumma, to target systems.
- ğŸ” Utilize obfuscation and encryption to evade security measures.
- ğŸ›¡ï¸ Emphasizes the importance of advanced threat detection tools.

ğŸŒ Targeted Regions and Industries:
- ğŸŒ Affects multiple sectors with a focus on high-value targets.
- ğŸ¢ Industries include finance, healthcare, and technology.

ğŸ”— Source: https://t.co/swwSic2U68

What strategies are you using to detect and prevent such stealthy attacks? Let's discuss your approaches! ğŸ’¬

#Malware #ThreatIntelligence #CyberAwareness #ITSecurity #NetworkSecurity #OnlineSafety #CyberThreats #DigitalSecurity #AdvancedThreats #Finance #Healthcare #Technology",Fri Nov 15 13:09:12 +0000 2024,CTI Labs ğŸ§ª,0,0
"ğŸš€ PowerHuntShares 2.0 Released! Explore the latest features enhancing network security and pentesting capabilities. #CyberSecurity #Infosec #Pentesting #ThreatIntel    

ğŸ”‘ Key Details:
- ğŸ› ï¸ PowerHuntShares 2.0 offers improved scanning for shared network resources.
- ğŸ” Identifies excessive permissions and potential security risks.
- ğŸ“Š Provides detailed reports to help prioritize remediation efforts.
- âš™ï¸ Enhanced automation for efficient network assessments.

ğŸŒ Targeted Use Cases:
- ğŸ¢ Ideal for organizations looking to strengthen internal network security.
- ğŸ”§ Useful for IT teams conducting regular security audits.

ğŸ”— Source: https://t.co/9KRw26PAyp

How are you leveraging tools like PowerHuntShares in your security strategy? Share your insights! ğŸ’¬

#NetworkSecurity #ITSecurity #CyberAwareness #SecurityTools #Automation #DigitalSecurity #AdvancedThreats #TechInnovation",Fri Nov 15 13:08:12 +0000 2024,CTI Labs ğŸ§ª,0,1
"ğŸš¨ DDoS Alert ğŸš¨

NoName claims to have targeted multiple websites in Ukraine.

- Netgroup
- Belnet
- VisaGlobal
- Tourism Architect
- VizaMarket
- ProstoVisa

#Ukraine
#ddos #CyberAttack #threatintel #CTI https://t.co/9F1q53XdYH",Fri Nov 15 13:06:48 +0000 2024,FalconFeeds.io,0,1
"ğŸš¨ New Insights on LodaRAT Malware! ğŸš¨ Discover the latest victim patterns and tactics used by this established malware. #CyberSecurity #Infosec #CTI #ThreatIntel       

ğŸ”‘ Key Details:
- ğŸ¦  LodaRAT is known for its data-stealing capabilities.
- ğŸ“Š Recent patterns show a shift in targeted victims.
- ğŸ› ï¸ Employs keylogging, credential theft, and remote access tools.
- ğŸ” Continues to evolve with new obfuscation techniques.

ğŸŒ Targeted Regions and Industries:
- ğŸŒ Expanding focus across multiple regions.
- ğŸ¢ Targets include healthcare, finance, and technology sectors.

ğŸ”— Source: https://t.co/HxMRbZYkal

Have you encountered LodaRAT in your systems? What strategies are you using to combat this threat? Share your experiences! ğŸ’¬

#DarkWeb #ThreatIntelligence #Malware #DataTheft #CyberAwareness #ITSecurity #NetworkSecurity #OnlineSafety #CyberThreats #DigitalSecurity #AdvancedThreats #Healthcare #Finance #Technology",Fri Nov 15 12:30:02 +0000 2024,CTI Labs ğŸ§ª,0,1
"ğŸš¨ DDoS AlertğŸš¨

RipperSec claims to have targeted the website of FIFPRO.

NB: The site is up and active.

#Netherlands
#ddos #cyberattack #cti #threatintel https://t.co/8TEpIvZc7G
Created At: Fri Nov 15 12:12:35 +0000 2024
User: CRIL (Cyble Research and Intelligence Labs)
Text: Cyble uncovers a campaign linked to the APT group DONOT, targeting Pakistan's manufacturing industry supporting maritime and defense sectors.
https://t.co/6vg0cdousi

#APT #Cyberattack #DONOT #Cyberspionage #CRIL #ThreatIntel https://t.co/zPyE28yEtD",Fri Nov 15 10:44:47 +0000 2024,FalconFeeds.io,0,1
"ğŸš¨ DDoS AlertğŸš¨

RipperSec claims to have targeted the website of American Football in Israel.

NB: The site is down at the moment.

#Israel
#ddos #cyberattack #cti #threatintel https://t.co/BSL8SXwQ8C","Fri Nov 15 10:40:56 +0000 2024",FalconFeeds.io,0,1
"ğŸš¨ DDoS AlertğŸš¨

RipperSec claims to have targeted the website of European Snack Food Co., Ltd.

NB: The site is down at the moment.

#Thailand
#ddos #cyberattack #cti #threatintel https://t.co/OQ08LS1uN0
",Fri Nov 15 08:45:43 +0000 2024,FalconFeeds.io,0,1
"ğŸŒ Unveiling the APT Profile: MuddyWater! Dive into the tactics, techniques, and procedures of this persistent threat group. #CyberSecurity #Infosec #CTI #ThreatIntel   

ğŸ”‘ Key Details:
- ğŸ•µï¸â€â™‚ï¸ MuddyWater is known for cyber espionage and data theft.
- ğŸ› ï¸ Utilizes spear-phishing and PowerShell-based tools.
- ğŸ“ˆ Continuous evolution in attack strategies and tools.

ğŸŒ Targeted Regions and Industries:
- ğŸŒ Focus on Middle Eastern and Asian regions.
- ğŸ¢ Targets include government, telecom, and energy sectors.

ğŸ”— Source: https://t.co/vKj1PBEPNO

Have you encountered MuddyWater activities in your network? How do you defend against such threats? Share your insights! ğŸ’¬

#DarkWeb #ThreatIntelligence #APT #CyberEspionage #DataTheft #MiddleEast #Asia #CyberAwareness #ITSecurity #NetworkSecurity #OnlineSafety #APTProfile #CyberThreats #DigitalSecurity #AdvancedThreats",Fri Nov 15 08:30:01 +0000 2024,CTI Labs ğŸ§ª,0,0
"Managed Threat Intelligence: Proactive Defense for Your BusinessğŸ”

Don't let threats catch you off guardâ€”partner with @CyEile to secure your digital landscape.

ğŸ“ Get in touch to learn more.  
#Managed #ThreatIntel #Cybersecurity #CyEile #StaySecure #India #infosec #instagram https://t.co/XSOcIDrieN",Tue Nov 12 08:31:00 +0000 2024,CyEileâ„¢,0,0
"ğŸš¨ DDoS Alert ğŸš¨

RipperSec claims to have targeted the website of Aditya Birla Group.

NB: site is up down at the moment

#India
#ddos #cyberattack #cti #threatintel https://t.co/yGEpEBUKIS",Sat Aug 17 14:14:51 +0000 2024,FalconFeeds.io,1,1
